{"v":"4.8.0","meta":{"g":"LottieFiles AE 1.0.0","a":"","k":"","d":"","tc":""},"fr":35,"ip":0,"op":70,"w":1067,"h":931,"nm":"Home","ddd":0,"assets":[{"id":"comp_0","layers":[{"ddd":0,"ind":1,"ty":0,"nm":"Pre-comp 1","refId":"comp_1","sr":1,"ks":{"o":{"a":0,"k":100,"ix":11},"r":{"a":0,"k":0,"ix":10},"p":{"a":0,"k":[241.5,230.5,0],"ix":2},"a":{"a":0,"k":[245.5,232.5,0],"ix":1},"s":{"a":0,"k":[89.409,87.957,100],"ix":6}},"ao":0,"w":491,"h":465,"ip":0,"op":70.0700700700701,"st":0,"bm":0,"completed":true,"layers":[{"ddd":0,"ind":1,"ty":4,"nm":"Shape Layer 1","sr":1,"ks":{"o":{"a":0,"k":100,"ix":11},"r":{"a":0,"k":0,"ix":10},"p":{"a":0,"k":[243.5,212,0],"ix":2},"a":{"a":1,"k":[{"i":{"x":0.833,"y":0.833},"o":{"x":0.167,"y":0.167},"t":0,"s":[0,0,0],"to":null,"ti":null},{"i":{"x":0.833,"y":0.833},"o":{"x":0.167,"y":0.167},"t":11.678,"s":[0,0,0],"to":null,"ti":null},{"t":23.3566900233567,"s":[0,0,0]}],"ix":1},"s":{"a":0,"k":[87.342,38.476,100],"ix":6}},"ao":0,"shapes":[{"ty":"gr","it":[{"ind":0,"ty":"sh","ix":1,"ks":{"a":1,"k":[{"i":{"x":0.667,"y":1},"o":{"x":0.333,"y":0},"t":5.839,"s":[{"i":[[9,-4.5],[-23,19],[42.5,-9]],"o":[[-24.5,-9],[39.153999999999996,19.928],[42.5,-9]],"v":[[-23.5,-9],[10.5,19.5],[42.5,-9]],"c":true}]},{"i":{"x":0.667,"y":1},"o":{"x":0.333,"y":0},"t":17.518,"s":[{"i":[[9,4.529],[-23,75.181],[42.5,-9]],"o":[[-24.5,-9],[39.153999999999996,77.97],[42.5,-9]],"v":[[-23.5,-9],[10.5,76.684],[42.5,-9]],"c":true}]},{"i":{"x":0.667,"y":1},"o":{"x":0.333,"y":0},"t":57.224,"s":[{"i":[[9,4.529],[-23,75.181],[42.5,-9]],"o":[[-24.5,-9],[39.153999999999996,77.97],[42.5,-9]],"v":[[-23.5,-9],[10.5,76.684],[42.5,-9]],"c":true}]},{"i":{"x":0.667,"y":1},"o":{"x":0.333,"y":0},"t":67.734,"s":[{"i":[[9,-4.5],[-23,19],[42.5,-9]],"o":[[-24.5,-9],[39.153999999999996,19.928],[42.5,-9]],"v":[[-23.5,-9],[10.5,19.5],[42.5,-9]],"c":true}]},{"t":73.5735735735736,"s":[{"i":[[9,-4.5],[-23,19],[42.5,-9]],"o":[[-24.5,-9],[39.153999999999996,19.928],[42.5,-9]],"v":[[-23.5,-9],[10.5,19.5],[42.5,-9]],"c":true}]}],"ix":2},"nm":"Path 1","mn":"ADBE Vector Shape - Group","hd":false,"_render":true},{"ty":"st","c":{"a":0,"k":[1,1,1,1],"ix":3},"o":{"a":0,"k":100,"ix":4},"w":{"a":0,"k":0,"ix":5},"lc":1,"lj":1,"ml":4,"bm":0,"nm":"Stroke 1","mn":"ADBE Vector Graphic - Stroke","hd":false,"_render":true},{"ty":"fl","c":{"a":0,"k":[0.2745,0.1957,0.0255,1],"ix":4},"o":{"a":0,"k":100,"ix":5},"r":1,"bm":0,"nm":"Fill 1","mn":"ADBE Vector Graphic - Fill","hd":false,"_render":true},{"ty":"tr","p":{"a":0,"k":[0,0],"ix":2},"a":{"a":0,"k":[0,0],"ix":1},"s":{"a":0,"k":[100,100],"ix":3},"r":{"a":0,"k":0,"ix":6},"o":{"a":0,"k":100,"ix":7},"sk":{"a":0,"k":0,"ix":4},"sa":{"a":0,"k":0,"ix":5},"nm":"Transform","_render":true}],"nm":"Shape 1","np":3,"cix":2,"bm":0,"ix":1,"mn":"ADBE Vector Group","hd":false,"_render":true}],"ip":0,"op":70.0700700700701,"st":0,"bm":0,"completed":true},{"ddd":0,"ind":2,"ty":0,"nm":"eays mouth","refId":"comp_2","sr":1,"ks":{"o":{"a":0,"k":100,"ix":11},"r":{"a":0,"k":0,"ix":10},"p":{"a":0,"k":[289.5,183.5,0],"ix":2},"a":{"a":0,"k":[50,50,0],"ix":1},"s":{"a":0,"k":[59,59,100],"ix":6}},"ao":0,"w":100,"h":100,"ip":0,"op":78.2449115782449,"st":0,"bm":0,"completed":true,"layers":[{"ddd":0,"ind":1,"ty":4,"nm":"Shape Layer 1","sr":1,"ks":{"o":{"a":0,"k":100,"ix":11},"r":{"a":0,"k":0,"ix":10},"p":{"a":0,"k":[51,45,0],"ix":2},"a":{"a":0,"k":[14.5,19.963,0],"ix":1},"s":{"a":1,"k":[{"i":{"x":[0,0,0.667],"y":[394820.386,1.007,1]},"o":{"x":[0.333,0.333,0.333],"y":[0,0,0]},"t":26.86,"s":[100,99.8,100]},{"i":{"x":[0.833,0.833,0.833],"y":[1,1,1]},"o":{"x":[0.167,0.167,0.167],"y":[0,0,0]},"t":33.867,"s":[100,-0.395,100]},{"i":{"x":[0.833,0.833,0.833],"y":[1,1,1]},"o":{"x":[0.333,0.333,0.333],"y":[0,0,0]},"t":40.874,"s":[100,99.8,100]},{"i":{"x":[0,0,0.667],"y":[460623.617,1.008,1]},"o":{"x":[0.333,0.333,0.333],"y":[0,0,0]},"t":58.392,"s":[100,99.8,100]},{"i":{"x":[0.833,0.833,0.833],"y":[1,1,1]},"o":{"x":[0.167,0.167,0.167],"y":[0,0,0]},"t":66.567,"s":[100,-0.395,100]},{"t":72.4057390724057,"s":[100,99.8,100]}],"ix":6}},"ao":0,"shapes":[{"ty":"gr","it":[{"d":1,"ty":"el","s":{"a":0,"k":[37.5,37.5],"ix":2},"p":{"a":0,"k":[0,0],"ix":3},"nm":"Ellipse Path 1","mn":"ADBE Vector Shape - Ellipse","hd":false,"_render":true},{"ty":"st","c":{"a":0,"k":[1,1,1,1],"ix":3},"o":{"a":0,"k":100,"ix":4},"w":{"a":0,"k":0,"ix":5},"lc":1,"lj":1,"ml":4,"bm":0,"nm":"Stroke 1","mn":"ADBE Vector Graphic - Stroke","hd":false,"_render":true},{"ty":"fl","c":{"a":0,"k":[0.2745,0.1957,0.0255,1],"ix":4},"o":{"a":0,"k":100,"ix":5},"r":1,"bm":0,"nm":"Fill 1","mn":"ADBE Vector Graphic - Fill","hd":false,"_render":true},{"ty":"tr","p":{"a":0,"k":[14.75,19.75],"ix":2},"a":{"a":0,"k":[0,0],"ix":1},"s":{"a":0,"k":[100,100],"ix":3},"r":{"a":0,"k":0,"ix":6},"o":{"a":0,"k":100,"ix":7},"sk":{"a":0,"k":0,"ix":4},"sa":{"a":0,"k":0,"ix":5},"nm":"Transform","_render":true}],"nm":"Ellipse 1","np":3,"cix":2,"bm":0,"ix":1,"mn":"ADBE Vector Group","hd":false,"_render":true}],"ip":0,"op":78.2449115782449,"st":0,"bm":0,"completed":true}]},{"ddd":0,"ind":3,"ty":0,"nm":"eays mouth","refId":"comp_2","sr":1,"ks":{"o":{"a":0,"k":100,"ix":11},"r":{"a":0,"k":0,"ix":10},"p":{"a":0,"k":[215.5,179.5,0],"ix":2},"a":{"a":0,"k":[50,50,0],"ix":1},"s":{"a":0,"k":[59,59,100],"ix":6}},"ao":0,"w":100,"h":100,"ip":0,"op":78.2449115782449,"st":0,"bm":0,"completed":true,"layers":[{"ddd":0,"ind":1,"ty":4,"nm":"Shape Layer 1","sr":1,"ks":{"o":{"a":0,"k":100,"ix":11},"r":{"a":0,"k":0,"ix":10},"p":{"a":0,"k":[51,45,0],"ix":2},"a":{"a":0,"k":[14.5,19.963,0],"ix":1},"s":{"a":1,"k":[{"i":{"x":[0,0,0.667],"y":[394820.386,1.007,1]},"o":{"x":[0.333,0.333,0.333],"y":[0,0,0]},"t":26.86,"s":[100,99.8,100]},{"i":{"x":[0.833,0.833,0.833],"y":[1,1,1]},"o":{"x":[0.167,0.167,0.167],"y":[0,0,0]},"t":33.867,"s":[100,-0.395,100]},{"i":{"x":[0.833,0.833,0.833],"y":[1,1,1]},"o":{"x":[0.333,0.333,0.333],"y":[0,0,0]},"t":40.874,"s":[100,99.8,100]},{"i":{"x":[0,0,0.667],"y":[460623.617,1.008,1]},"o":{"x":[0.333,0.333,0.333],"y":[0,0,0]},"t":58.392,"s":[100,99.8,100]},{"i":{"x":[0.833,0.833,0.833],"y":[1,1,1]},"o":{"x":[0.167,0.167,0.167],"y":[0,0,0]},"t":66.567,"s":[100,-0.395,100]},{"t":72.4057390724057,"s":[100,99.8,100]}],"ix":6}},"ao":0,"shapes":[{"ty":"gr","it":[{"d":1,"ty":"el","s":{"a":0,"k":[37.5,37.5],"ix":2},"p":{"a":0,"k":[0,0],"ix":3},"nm":"Ellipse Path 1","mn":"ADBE Vector Shape - Ellipse","hd":false,"_render":true},{"ty":"st","c":{"a":0,"k":[1,1,1,1],"ix":3},"o":{"a":0,"k":100,"ix":4},"w":{"a":0,"k":0,"ix":5},"lc":1,"lj":1,"ml":4,"bm":0,"nm":"Stroke 1","mn":"ADBE Vector Graphic - Stroke","hd":false,"_render":true},{"ty":"fl","c":{"a":0,"k":[0.2745,0.1957,0.0255,1],"ix":4},"o":{"a":0,"k":100,"ix":5},"r":1,"bm":0,"nm":"Fill 1","mn":"ADBE Vector Graphic - Fill","hd":false,"_render":true},{"ty":"tr","p":{"a":0,"k":[14.75,19.75],"ix":2},"a":{"a":0,"k":[0,0],"ix":1},"s":{"a":0,"k":[100,100],"ix":3},"r":{"a":0,"k":0,"ix":6},"o":{"a":0,"k":100,"ix":7},"sk":{"a":0,"k":0,"ix":4},"sa":{"a":0,"k":0,"ix":5},"nm":"Transform","_render":true}],"nm":"Ellipse 1","np":3,"cix":2,"bm":0,"ix":1,"mn":"ADBE Vector Group","hd":false,"_render":true}],"ip":0,"op":78.2449115782449,"st":0,"bm":0,"completed":true}]}]}]},{"id":"comp_1","layers":[{"ddd":0,"ind":1,"ty":4,"nm":"Shape Layer 1","sr":1,"ks":{"o":{"a":0,"k":100,"ix":11},"r":{"a":0,"k":0,"ix":10},"p":{"a":0,"k":[243.5,212,0],"ix":2},"a":{"a":1,"k":[{"i":{"x":0.833,"y":0.833},"o":{"x":0.167,"y":0.167},"t":0,"s":[0,0,0],"to":null,"ti":null},{"i":{"x":0.833,"y":0.833},"o":{"x":0.167,"y":0.167},"t":11.678,"s":[0,0,0],"to":null,"ti":null},{"t":23.3566900233567,"s":[0,0,0]}],"ix":1},"s":{"a":0,"k":[87.342,38.476,100],"ix":6}},"ao":0,"shapes":[{"ty":"gr","it":[{"ind":0,"ty":"sh","ix":1,"ks":{"a":1,"k":[{"i":{"x":0.667,"y":1},"o":{"x":0.333,"y":0},"t":5.839,"s":[{"i":[[9,-4.5],[-23,19],[42.5,-9]],"o":[[-24.5,-9],[39.153999999999996,19.928],[42.5,-9]],"v":[[-23.5,-9],[10.5,19.5],[42.5,-9]],"c":true}]},{"i":{"x":0.667,"y":1},"o":{"x":0.333,"y":0},"t":17.518,"s":[{"i":[[9,4.529],[-23,75.181],[42.5,-9]],"o":[[-24.5,-9],[39.153999999999996,77.97],[42.5,-9]],"v":[[-23.5,-9],[10.5,76.684],[42.5,-9]],"c":true}]},{"i":{"x":0.667,"y":1},"o":{"x":0.333,"y":0},"t":57.224,"s":[{"i":[[9,4.529],[-23,75.181],[42.5,-9]],"o":[[-24.5,-9],[39.153999999999996,77.97],[42.5,-9]],"v":[[-23.5,-9],[10.5,76.684],[42.5,-9]],"c":true}]},{"i":{"x":0.667,"y":1},"o":{"x":0.333,"y":0},"t":67.734,"s":[{"i":[[9,-4.5],[-23,19],[42.5,-9]],"o":[[-24.5,-9],[39.153999999999996,19.928],[42.5,-9]],"v":[[-23.5,-9],[10.5,19.5],[42.5,-9]],"c":true}]},{"t":73.5735735735736,"s":[{"i":[[9,-4.5],[-23,19],[42.5,-9]],"o":[[-24.5,-9],[39.153999999999996,19.928],[42.5,-9]],"v":[[-23.5,-9],[10.5,19.5],[42.5,-9]],"c":true}]}],"ix":2},"nm":"Path 1","mn":"ADBE Vector Shape - Group","hd":false,"_render":true},{"ty":"st","c":{"a":0,"k":[1,1,1,1],"ix":3},"o":{"a":0,"k":100,"ix":4},"w":{"a":0,"k":0,"ix":5},"lc":1,"lj":1,"ml":4,"bm":0,"nm":"Stroke 1","mn":"ADBE Vector Graphic - Stroke","hd":false,"_render":true},{"ty":"fl","c":{"a":0,"k":[0.2745,0.1957,0.0255,1],"ix":4},"o":{"a":0,"k":100,"ix":5},"r":1,"bm":0,"nm":"Fill 1","mn":"ADBE Vector Graphic - Fill","hd":false,"_render":true},{"ty":"tr","p":{"a":0,"k":[0,0],"ix":2},"a":{"a":0,"k":[0,0],"ix":1},"s":{"a":0,"k":[100,100],"ix":3},"r":{"a":0,"k":0,"ix":6},"o":{"a":0,"k":100,"ix":7},"sk":{"a":0,"k":0,"ix":4},"sa":{"a":0,"k":0,"ix":5},"nm":"Transform","_render":true}],"nm":"Shape 1","np":3,"cix":2,"bm":0,"ix":1,"mn":"ADBE Vector Group","hd":false,"_render":true}],"ip":0,"op":70.0700700700701,"st":0,"bm":0,"completed":true},{"ddd":0,"ind":2,"ty":0,"nm":"eays mouth","refId":"comp_2","sr":1,"ks":{"o":{"a":0,"k":100,"ix":11},"r":{"a":0,"k":0,"ix":10},"p":{"a":0,"k":[289.5,183.5,0],"ix":2},"a":{"a":0,"k":[50,50,0],"ix":1},"s":{"a":0,"k":[59,59,100],"ix":6}},"ao":0,"w":100,"h":100,"ip":0,"op":78.2449115782449,"st":0,"bm":0,"completed":true,"layers":[{"ddd":0,"ind":1,"ty":4,"nm":"Shape Layer 1","sr":1,"ks":{"o":{"a":0,"k":100,"ix":11},"r":{"a":0,"k":0,"ix":10},"p":{"a":0,"k":[51,45,0],"ix":2},"a":{"a":0,"k":[14.5,19.963,0],"ix":1},"s":{"a":1,"k":[{"i":{"x":[0,0,0.667],"y":[394820.386,1.007,1]},"o":{"x":[0.333,0.333,0.333],"y":[0,0,0]},"t":26.86,"s":[100,99.8,100]},{"i":{"x":[0.833,0.833,0.833],"y":[1,1,1]},"o":{"x":[0.167,0.167,0.167],"y":[0,0,0]},"t":33.867,"s":[100,-0.395,100]},{"i":{"x":[0.833,0.833,0.833],"y":[1,1,1]},"o":{"x":[0.333,0.333,0.333],"y":[0,0,0]},"t":40.874,"s":[100,99.8,100]},{"i":{"x":[0,0,0.667],"y":[460623.617,1.008,1]},"o":{"x":[0.333,0.333,0.333],"y":[0,0,0]},"t":58.392,"s":[100,99.8,100]},{"i":{"x":[0.833,0.833,0.833],"y":[1,1,1]},"o":{"x":[0.167,0.167,0.167],"y":[0,0,0]},"t":66.567,"s":[100,-0.395,100]},{"t":72.4057390724057,"s":[100,99.8,100]}],"ix":6}},"ao":0,"shapes":[{"ty":"gr","it":[{"d":1,"ty":"el","s":{"a":0,"k":[37.5,37.5],"ix":2},"p":{"a":0,"k":[0,0],"ix":3},"nm":"Ellipse Path 1","mn":"ADBE Vector Shape - Ellipse","hd":false,"_render":true},{"ty":"st","c":{"a":0,"k":[1,1,1,1],"ix":3},"o":{"a":0,"k":100,"ix":4},"w":{"a":0,"k":0,"ix":5},"lc":1,"lj":1,"ml":4,"bm":0,"nm":"Stroke 1","mn":"ADBE Vector Graphic - Stroke","hd":false,"_render":true},{"ty":"fl","c":{"a":0,"k":[0.2745,0.1957,0.0255,1],"ix":4},"o":{"a":0,"k":100,"ix":5},"r":1,"bm":0,"nm":"Fill 1","mn":"ADBE Vector Graphic - Fill","hd":false,"_render":true},{"ty":"tr","p":{"a":0,"k":[14.75,19.75],"ix":2},"a":{"a":0,"k":[0,0],"ix":1},"s":{"a":0,"k":[100,100],"ix":3},"r":{"a":0,"k":0,"ix":6},"o":{"a":0,"k":100,"ix":7},"sk":{"a":0,"k":0,"ix":4},"sa":{"a":0,"k":0,"ix":5},"nm":"Transform","_render":true}],"nm":"Ellipse 1","np":3,"cix":2,"bm":0,"ix":1,"mn":"ADBE Vector Group","hd":false,"_render":true}],"ip":0,"op":78.2449115782449,"st":0,"bm":0,"completed":true}]},{"ddd":0,"ind":3,"ty":0,"nm":"eays mouth","refId":"comp_2","sr":1,"ks":{"o":{"a":0,"k":100,"ix":11},"r":{"a":0,"k":0,"ix":10},"p":{"a":0,"k":[215.5,179.5,0],"ix":2},"a":{"a":0,"k":[50,50,0],"ix":1},"s":{"a":0,"k":[59,59,100],"ix":6}},"ao":0,"w":100,"h":100,"ip":0,"op":78.2449115782449,"st":0,"bm":0,"completed":true,"layers":[{"ddd":0,"ind":1,"ty":4,"nm":"Shape Layer 1","sr":1,"ks":{"o":{"a":0,"k":100,"ix":11},"r":{"a":0,"k":0,"ix":10},"p":{"a":0,"k":[51,45,0],"ix":2},"a":{"a":0,"k":[14.5,19.963,0],"ix":1},"s":{"a":1,"k":[{"i":{"x":[0,0,0.667],"y":[394820.386,1.007,1]},"o":{"x":[0.333,0.333,0.333],"y":[0,0,0]},"t":26.86,"s":[100,99.8,100]},{"i":{"x":[0.833,0.833,0.833],"y":[1,1,1]},"o":{"x":[0.167,0.167,0.167],"y":[0,0,0]},"t":33.867,"s":[100,-0.395,100]},{"i":{"x":[0.833,0.833,0.833],"y":[1,1,1]},"o":{"x":[0.333,0.333,0.333],"y":[0,0,0]},"t":40.874,"s":[100,99.8,100]},{"i":{"x":[0,0,0.667],"y":[460623.617,1.008,1]},"o":{"x":[0.333,0.333,0.333],"y":[0,0,0]},"t":58.392,"s":[100,99.8,100]},{"i":{"x":[0.833,0.833,0.833],"y":[1,1,1]},"o":{"x":[0.167,0.167,0.167],"y":[0,0,0]},"t":66.567,"s":[100,-0.395,100]},{"t":72.4057390724057,"s":[100,99.8,100]}],"ix":6}},"ao":0,"shapes":[{"ty":"gr","it":[{"d":1,"ty":"el","s":{"a":0,"k":[37.5,37.5],"ix":2},"p":{"a":0,"k":[0,0],"ix":3},"nm":"Ellipse Path 1","mn":"ADBE Vector Shape - Ellipse","hd":false,"_render":true},{"ty":"st","c":{"a":0,"k":[1,1,1,1],"ix":3},"o":{"a":0,"k":100,"ix":4},"w":{"a":0,"k":0,"ix":5},"lc":1,"lj":1,"ml":4,"bm":0,"nm":"Stroke 1","mn":"ADBE Vector Graphic - Stroke","hd":false,"_render":true},{"ty":"fl","c":{"a":0,"k":[0.2745,0.1957,0.0255,1],"ix":4},"o":{"a":0,"k":100,"ix":5},"r":1,"bm":0,"nm":"Fill 1","mn":"ADBE Vector Graphic - Fill","hd":false,"_render":true},{"ty":"tr","p":{"a":0,"k":[14.75,19.75],"ix":2},"a":{"a":0,"k":[0,0],"ix":1},"s":{"a":0,"k":[100,100],"ix":3},"r":{"a":0,"k":0,"ix":6},"o":{"a":0,"k":100,"ix":7},"sk":{"a":0,"k":0,"ix":4},"sa":{"a":0,"k":0,"ix":5},"nm":"Transform","_render":true}],"nm":"Ellipse 1","np":3,"cix":2,"bm":0,"ix":1,"mn":"ADBE Vector Group","hd":false,"_render":true}],"ip":0,"op":78.2449115782449,"st":0,"bm":0,"completed":true}]}]},{"id":"comp_2","layers":[{"ddd":0,"ind":1,"ty":4,"nm":"Shape Layer 1","sr":1,"ks":{"o":{"a":0,"k":100,"ix":11},"r":{"a":0,"k":0,"ix":10},"p":{"a":0,"k":[51,45,0],"ix":2},"a":{"a":0,"k":[14.5,19.963,0],"ix":1},"s":{"a":1,"k":[{"i":{"x":[0,0,0.667],"y":[394820.386,1.007,1]},"o":{"x":[0.333,0.333,0.333],"y":[0,0,0]},"t":26.86,"s":[100,99.8,100]},{"i":{"x":[0.833,0.833,0.833],"y":[1,1,1]},"o":{"x":[0.167,0.167,0.167],"y":[0,0,0]},"t":33.867,"s":[100,-0.395,100]},{"i":{"x":[0.833,0.833,0.833],"y":[1,1,1]},"o":{"x":[0.333,0.333,0.333],"y":[0,0,0]},"t":40.874,"s":[100,99.8,100]},{"i":{"x":[0,0,0.667],"y":[460623.617,1.008,1]},"o":{"x":[0.333,0.333,0.333],"y":[0,0,0]},"t":58.392,"s":[100,99.8,100]},{"i":{"x":[0.833,0.833,0.833],"y":[1,1,1]},"o":{"x":[0.167,0.167,0.167],"y":[0,0,0]},"t":66.567,"s":[100,-0.395,100]},{"t":72.4057390724057,"s":[100,99.8,100]}],"ix":6}},"ao":0,"shapes":[{"ty":"gr","it":[{"d":1,"ty":"el","s":{"a":0,"k":[37.5,37.5],"ix":2},"p":{"a":0,"k":[0,0],"ix":3},"nm":"Ellipse Path 1","mn":"ADBE Vector Shape - Ellipse","hd":false,"_render":true},{"ty":"st","c":{"a":0,"k":[1,1,1,1],"ix":3},"o":{"a":0,"k":100,"ix":4},"w":{"a":0,"k":0,"ix":5},"lc":1,"lj":1,"ml":4,"bm":0,"nm":"Stroke 1","mn":"ADBE Vector Graphic - Stroke","hd":false,"_render":true},{"ty":"fl","c":{"a":0,"k":[0.2745,0.1957,0.0255,1],"ix":4},"o":{"a":0,"k":100,"ix":5},"r":1,"bm":0,"nm":"Fill 1","mn":"ADBE Vector Graphic - Fill","hd":false,"_render":true},{"ty":"tr","p":{"a":0,"k":[14.75,19.75],"ix":2},"a":{"a":0,"k":[0,0],"ix":1},"s":{"a":0,"k":[100,100],"ix":3},"r":{"a":0,"k":0,"ix":6},"o":{"a":0,"k":100,"ix":7},"sk":{"a":0,"k":0,"ix":4},"sa":{"a":0,"k":0,"ix":5},"nm":"Transform","_render":true}],"nm":"Ellipse 1","np":3,"cix":2,"bm":0,"ix":1,"mn":"ADBE Vector Group","hd":false,"_render":true}],"ip":0,"op":78.2449115782449,"st":0,"bm":0,"completed":true}]}],"layers":[{"ddd":0,"ind":1,"ty":0,"nm":"egg","refId":"comp_0","sr":1,"ks":{"o":{"a":0,"k":100,"ix":11},"r":{"a":0,"k":-1.34,"ix":10},"p":{"a":1,"k":[{"i":{"x":0.833,"y":0.833},"o":{"x":0.167,"y":0.167},"t":0,"s":[130.253,878.797,0],"to":null,"ti":null},{"i":{"x":0.833,"y":0.833},"o":{"x":0.167,"y":0.167},"t":35,"s":[130.253,815.797,0],"to":null,"ti":null},{"t":69,"s":[130.253,878.797,0]}],"ix":2},"a":{"a":0,"k":[87.55,348.498,0],"ix":1},"s":{"a":0,"k":[254.775,240.865,100],"ix":6}},"ao":0,"w":491,"h":465,"ip":0,"op":78.2449115782449,"st":0,"bm":0,"completed":true,"layers":[{"ddd":0,"ind":1,"ty":0,"nm":"Pre-comp 1","refId":"comp_1","sr":1,"ks":{"o":{"a":0,"k":100,"ix":11},"r":{"a":0,"k":0,"ix":10},"p":{"a":0,"k":[241.5,230.5,0],"ix":2},"a":{"a":0,"k":[245.5,232.5,0],"ix":1},"s":{"a":0,"k":[89.409,87.957,100],"ix":6}},"ao":0,"w":491,"h":465,"ip":0,"op":70.0700700700701,"st":0,"bm":0,"completed":true,"layers":[{"ddd":0,"ind":1,"ty":4,"nm":"Shape Layer 1","sr":1,"ks":{"o":{"a":0,"k":100,"ix":11},"r":{"a":0,"k":0,"ix":10},"p":{"a":0,"k":[243.5,212,0],"ix":2},"a":{"a":1,"k":[{"i":{"x":0.833,"y":0.833},"o":{"x":0.167,"y":0.167},"t":0,"s":[0,0,0],"to":null,"ti":null},{"i":{"x":0.833,"y":0.833},"o":{"x":0.167,"y":0.167},"t":11.678,"s":[0,0,0],"to":null,"ti":null},{"t":23.3566900233567,"s":[0,0,0]}],"ix":1},"s":{"a":0,"k":[87.342,38.476,100],"ix":6}},"ao":0,"shapes":[{"ty":"gr","it":[{"ind":0,"ty":"sh","ix":1,"ks":{"a":1,"k":[{"i":{"x":0.667,"y":1},"o":{"x":0.333,"y":0},"t":5.839,"s":[{"i":[[9,-4.5],[-23,19],[42.5,-9]],"o":[[-24.5,-9],[39.153999999999996,19.928],[42.5,-9]],"v":[[-23.5,-9],[10.5,19.5],[42.5,-9]],"c":true}]},{"i":{"x":0.667,"y":1},"o":{"x":0.333,"y":0},"t":17.518,"s":[{"i":[[9,4.529],[-23,75.181],[42.5,-9]],"o":[[-24.5,-9],[39.153999999999996,77.97],[42.5,-9]],"v":[[-23.5,-9],[10.5,76.684],[42.5,-9]],"c":true}]},{"i":{"x":0.667,"y":1},"o":{"x":0.333,"y":0},"t":57.224,"s":[{"i":[[9,4.529],[-23,75.181],[42.5,-9]],"o":[[-24.5,-9],[39.153999999999996,77.97],[42.5,-9]],"v":[[-23.5,-9],[10.5,76.684],[42.5,-9]],"c":true}]},{"i":{"x":0.667,"y":1},"o":{"x":0.333,"y":0},"t":67.734,"s":[{"i":[[9,-4.5],[-23,19],[42.5,-9]],"o":[[-24.5,-9],[39.153999999999996,19.928],[42.5,-9]],"v":[[-23.5,-9],[10.5,19.5],[42.5,-9]],"c":true}]},{"t":73.5735735735736,"s":[{"i":[[9,-4.5],[-23,19],[42.5,-9]],"o":[[-24.5,-9],[39.153999999999996,19.928],[42.5,-9]],"v":[[-23.5,-9],[10.5,19.5],[42.5,-9]],"c":true}]}],"ix":2},"nm":"Path 1","mn":"ADBE Vector Shape - Group","hd":false,"_render":true},{"ty":"st","c":{"a":0,"k":[1,1,1,1],"ix":3},"o":{"a":0,"k":100,"ix":4},"w":{"a":0,"k":0,"ix":5},"lc":1,"lj":1,"ml":4,"bm":0,"nm":"Stroke 1","mn":"ADBE Vector Graphic - Stroke","hd":false,"_render":true},{"ty":"fl","c":{"a":0,"k":[0.2745,0.1957,0.0255,1],"ix":4},"o":{"a":0,"k":100,"ix":5},"r":1,"bm":0,"nm":"Fill 1","mn":"ADBE Vector Graphic - Fill","hd":false,"_render":true},{"ty":"tr","p":{"a":0,"k":[0,0],"ix":2},"a":{"a":0,"k":[0,0],"ix":1},"s":{"a":0,"k":[100,100],"ix":3},"r":{"a":0,"k":0,"ix":6},"o":{"a":0,"k":100,"ix":7},"sk":{"a":0,"k":0,"ix":4},"sa":{"a":0,"k":0,"ix":5},"nm":"Transform","_render":true}],"nm":"Shape 1","np":3,"cix":2,"bm":0,"ix":1,"mn":"ADBE Vector Group","hd":false,"_render":true}],"ip":0,"op":70.0700700700701,"st":0,"bm":0,"completed":true},{"ddd":0,"ind":2,"ty":0,"nm":"eays mouth","refId":"comp_2","sr":1,"ks":{"o":{"a":0,"k":100,"ix":11},"r":{"a":0,"k":0,"ix":10},"p":{"a":0,"k":[289.5,183.5,0],"ix":2},"a":{"a":0,"k":[50,50,0],"ix":1},"s":{"a":0,"k":[59,59,100],"ix":6}},"ao":0,"w":100,"h":100,"ip":0,"op":78.2449115782449,"st":0,"bm":0,"completed":true,"layers":[{"ddd":0,"ind":1,"ty":4,"nm":"Shape Layer 1","sr":1,"ks":{"o":{"a":0,"k":100,"ix":11},"r":{"a":0,"k":0,"ix":10},"p":{"a":0,"k":[51,45,0],"ix":2},"a":{"a":0,"k":[14.5,19.963,0],"ix":1},"s":{"a":1,"k":[{"i":{"x":[0,0,0.667],"y":[394820.386,1.007,1]},"o":{"x":[0.333,0.333,0.333],"y":[0,0,0]},"t":26.86,"s":[100,99.8,100]},{"i":{"x":[0.833,0.833,0.833],"y":[1,1,1]},"o":{"x":[0.167,0.167,0.167],"y":[0,0,0]},"t":33.867,"s":[100,-0.395,100]},{"i":{"x":[0.833,0.833,0.833],"y":[1,1,1]},"o":{"x":[0.333,0.333,0.333],"y":[0,0,0]},"t":40.874,"s":[100,99.8,100]},{"i":{"x":[0,0,0.667],"y":[460623.617,1.008,1]},"o":{"x":[0.333,0.333,0.333],"y":[0,0,0]},"t":58.392,"s":[100,99.8,100]},{"i":{"x":[0.833,0.833,0.833],"y":[1,1,1]},"o":{"x":[0.167,0.167,0.167],"y":[0,0,0]},"t":66.567,"s":[100,-0.395,100]},{"t":72.4057390724057,"s":[100,99.8,100]}],"ix":6}},"ao":0,"shapes":[{"ty":"gr","it":[{"d":1,"ty":"el","s":{"a":0,"k":[37.5,37.5],"ix":2},"p":{"a":0,"k":[0,0],"ix":3},"nm":"Ellipse Path 1","mn":"ADBE Vector Shape - Ellipse","hd":false,"_render":true},{"ty":"st","c":{"a":0,"k":[1,1,1,1],"ix":3},"o":{"a":0,"k":100,"ix":4},"w":{"a":0,"k":0,"ix":5},"lc":1,"lj":1,"ml":4,"bm":0,"nm":"Stroke 1","mn":"ADBE Vector Graphic - Stroke","hd":false,"_render":true},{"ty":"fl","c":{"a":0,"k":[0.2745,0.1957,0.0255,1],"ix":4},"o":{"a":0,"k":100,"ix":5},"r":1,"bm":0,"nm":"Fill 1","mn":"ADBE Vector Graphic - Fill","hd":false,"_render":true},{"ty":"tr","p":{"a":0,"k":[14.75,19.75],"ix":2},"a":{"a":0,"k":[0,0],"ix":1},"s":{"a":0,"k":[100,100],"ix":3},"r":{"a":0,"k":0,"ix":6},"o":{"a":0,"k":100,"ix":7},"sk":{"a":0,"k":0,"ix":4},"sa":{"a":0,"k":0,"ix":5},"nm":"Transform","_render":true}],"nm":"Ellipse 1","np":3,"cix":2,"bm":0,"ix":1,"mn":"ADBE Vector Group","hd":false,"_render":true}],"ip":0,"op":78.2449115782449,"st":0,"bm":0,"completed":true}]},{"ddd":0,"ind":3,"ty":0,"nm":"eays mouth","refId":"comp_2","sr":1,"ks":{"o":{"a":0,"k":100,"ix":11},"r":{"a":0,"k":0,"ix":10},"p":{"a":0,"k":[215.5,179.5,0],"ix":2},"a":{"a":0,"k":[50,50,0],"ix":1},"s":{"a":0,"k":[59,59,100],"ix":6}},"ao":0,"w":100,"h":100,"ip":0,"op":78.2449115782449,"st":0,"bm":0,"completed":true,"layers":[{"ddd":0,"ind":1,"ty":4,"nm":"Shape Layer 1","sr":1,"ks":{"o":{"a":0,"k":100,"ix":11},"r":{"a":0,"k":0,"ix":10},"p":{"a":0,"k":[51,45,0],"ix":2},"a":{"a":0,"k":[14.5,19.963,0],"ix":1},"s":{"a":1,"k":[{"i":{"x":[0,0,0.667],"y":[394820.386,1.007,1]},"o":{"x":[0.333,0.333,0.333],"y":[0,0,0]},"t":26.86,"s":[100,99.8,100]},{"i":{"x":[0.833,0.833,0.833],"y":[1,1,1]},"o":{"x":[0.167,0.167,0.167],"y":[0,0,0]},"t":33.867,"s":[100,-0.395,100]},{"i":{"x":[0.833,0.833,0.833],"y":[1,1,1]},"o":{"x":[0.333,0.333,0.333],"y":[0,0,0]},"t":40.874,"s":[100,99.8,100]},{"i":{"x":[0,0,0.667],"y":[460623.617,1.008,1]},"o":{"x":[0.333,0.333,0.333],"y":[0,0,0]},"t":58.392,"s":[100,99.8,100]},{"i":{"x":[0.833,0.833,0.833],"y":[1,1,1]},"o":{"x":[0.167,0.167,0.167],"y":[0,0,0]},"t":66.567,"s":[100,-0.395,100]},{"t":72.4057390724057,"s":[100,99.8,100]}],"ix":6}},"ao":0,"shapes":[{"ty":"gr","it":[{"d":1,"ty":"el","s":{"a":0,"k":[37.5,37.5],"ix":2},"p":{"a":0,"k":[0,0],"ix":3},"nm":"Ellipse Path 1","mn":"ADBE Vector Shape - Ellipse","hd":false,"_render":true},{"ty":"st","c":{"a":0,"k":[1,1,1,1],"ix":3},"o":{"a":0,"k":100,"ix":4},"w":{"a":0,"k":0,"ix":5},"lc":1,"lj":1,"ml":4,"bm":0,"nm":"Stroke 1","mn":"ADBE Vector Graphic - Stroke","hd":false,"_render":true},{"ty":"fl","c":{"a":0,"k":[0.2745,0.1957,0.0255,1],"ix":4},"o":{"a":0,"k":100,"ix":5},"r":1,"bm":0,"nm":"Fill 1","mn":"ADBE Vector Graphic - Fill","hd":false,"_render":true},{"ty":"tr","p":{"a":0,"k":[14.75,19.75],"ix":2},"a":{"a":0,"k":[0,0],"ix":1},"s":{"a":0,"k":[100,100],"ix":3},"r":{"a":0,"k":0,"ix":6},"o":{"a":0,"k":100,"ix":7},"sk":{"a":0,"k":0,"ix":4},"sa":{"a":0,"k":0,"ix":5},"nm":"Transform","_render":true}],"nm":"Ellipse 1","np":3,"cix":2,"bm":0,"ix":1,"mn":"ADBE Vector Group","hd":false,"_render":true}],"ip":0,"op":78.2449115782449,"st":0,"bm":0,"completed":true}]}]}]},{"ddd":0,"ind":2,"ty":4,"nm":"Layer 6","sr":1,"ks":{"o":{"a":0,"k":100,"ix":11},"r":{"a":1,"k":[{"i":{"x":[0.667],"y":[1]},"o":{"x":[0.333],"y":[0]},"t":0,"s":[-8]},{"i":{"x":[0.667],"y":[1]},"o":{"x":[0.333],"y":[0]},"t":35,"s":[32]},{"t":69,"s":[-8]}],"ix":10},"p":{"a":0,"k":[533.5,465.5,0],"ix":2},"a":{"a":0,"k":[2653.339,857.412,0],"ix":1},"s":{"a":0,"k":[181.007,168.889,100],"ix":6}},"ao":0,"shapes":[{"ty":"gr","it":[{"ind":0,"ty":"sh","ix":1,"ks":{"a":0,"k":{"i":[[4.8839999999999995,-26.834],[18.833000000000002,-37.966],[31.278,-37.330000000000005],[32.562,-21.076],[17.701,0.5140000000000011],[-4.705,27.525],[-29.175000000000004,42.547],[-14.283000000000001,-6.096000000000002],[-5.1450000000000005,-16.363000000000003]],"o":[[14.969999999999999,-35.356],[26.035,-40.007],[35.217,-27.44],[22.049999999999997,-6.107000000000001],[3.3760000000000003,18.023],[-20.233,38.446],[-39.092000000000006,19.582],[-5.193,-16.310000000000002],[-0.22200000000000042,-21.712000000000003]],"v":[[10.385,-31.482],[21.254,-38.652],[33.15,-32.63],[29.543,-16.777],[10.903,8.823],[-14.49,34.407],[-32.904,33.912],[-5.242,-16.257],[-5.096,-16.417]],"c":true},"ix":2},"nm":"Path 1","mn":"ADBE Vector Shape - Group","hd":false,"_render":true},{"ty":"fl","c":{"a":0,"k":[1,0.734,0.16,1],"ix":4},"o":{"a":0,"k":100,"ix":5},"r":1,"bm":0,"nm":"Fill 1","mn":"ADBE Vector Graphic - Fill","hd":false,"_render":true},{"ty":"tr","p":{"a":0,"k":[2777.698,708.422],"ix":2},"a":{"a":0,"k":[0,0],"ix":1},"s":{"a":0,"k":[100,100],"ix":3},"r":{"a":0,"k":0,"ix":6},"o":{"a":0,"k":100,"ix":7},"sk":{"a":0,"k":0,"ix":4},"sa":{"a":0,"k":0,"ix":5},"nm":"Transform","_render":true}],"nm":"Group 1","np":2,"cix":2,"bm":0,"ix":1,"mn":"ADBE Vector Group","hd":false,"_render":true},{"ty":"gr","it":[{"ind":0,"ty":"sh","ix":1,"ks":{"a":0,"k":{"i":[[-25.099,-10.263],[-33.178999999999995,-26.174999999999997],[-30.038,-38.233999999999995],[-13.860999999999999,-36.203],[4.277,-17.282],[26.195999999999998,10.125000000000002],[35.958,37.128],[-8.667000000000002,12.703000000000001],[-16.873,1.677]],"o":[[-31.405,-21.864],[-33.721,-33.641],[-19.555,-40.090999999999994],[-1.327,-22.880000000000003],[18.526,0.2879999999999985],[33.749,27.541],[11.461,42.194],[-16.831000000000003,1.736],[-21.115000000000002,-4.226]],"v":[[-28.538,-16.59],[-33.361,-28.685],[-25.056,-39.117],[-10.261,-32.377],[11.039,-8.944],[30.956,21.1],[26.747,39.033],[-16.789,1.794],[-16.916,1.618]],"c":true},"ix":2},"nm":"Path 1","mn":"ADBE Vector Shape - Group","hd":false,"_render":true},{"ty":"fl","c":{"a":0,"k":[1,0.734,0.16,1],"ix":4},"o":{"a":0,"k":100,"ix":5},"r":1,"bm":0,"nm":"Fill 1","mn":"ADBE Vector Graphic - Fill","hd":false,"_render":true},{"ty":"tr","p":{"a":0,"k":[2522.05,708.879],"ix":2},"a":{"a":0,"k":[0,0],"ix":1},"s":{"a":0,"k":[100,100],"ix":3},"r":{"a":0,"k":0,"ix":6},"o":{"a":0,"k":100,"ix":7},"sk":{"a":0,"k":0,"ix":4},"sa":{"a":0,"k":0,"ix":5},"nm":"Transform","_render":true}],"nm":"Group 2","np":2,"cix":2,"bm":0,"ix":2,"mn":"ADBE Vector Group","hd":false,"_render":true},{"ty":"gr","it":[{"ind":0,"ty":"sh","ix":1,"ks":{"a":0,"k":{"i":[[-25.119000000000003,10.696],[-42.253,5.702999999999999],[-48.901,-4.835999999999999],[-36.354,-15.247000000000002],[-10.145,-15.534],[24.842000000000002,-12.775],[51.215,-1.423],[2.8729999999999993,14.419],[-10.784,12.863]],"o":[[-37.895,7.359],[-48.07,0.9909999999999997],[-43.085,-13.753],[-18.062,-15.275],[12.419,-13.907],[42.712,-6.371],[38.153000000000006,19.911],[-10.713,12.872],[-17.991,11.918999999999999]],"v":[[-32.087,8.876],[-44.209,4.119],[-46.137,-9.074],[-31.1,-15.255],[0.563,-14.762],[36.103,-8.739],[46.304,6.599],[-10.641,12.881],[-10.856,12.854]],"c":true},"ix":2},"nm":"Path 1","mn":"ADBE Vector Shape - Group","hd":false,"_render":true},{"ty":"fl","c":{"a":0,"k":[1,0.734,0.16,1],"ix":4},"o":{"a":0,"k":100,"ix":5},"r":1,"bm":0,"nm":"Fill 1","mn":"ADBE Vector Graphic - Fill","hd":false,"_render":true},{"ty":"tr","p":{"a":0,"k":[2459.149,831.678],"ix":2},"a":{"a":0,"k":[0,0],"ix":1},"s":{"a":0,"k":[100,100],"ix":3},"r":{"a":0,"k":0,"ix":6},"o":{"a":0,"k":100,"ix":7},"sk":{"a":0,"k":0,"ix":4},"sa":{"a":0,"k":0,"ix":5},"nm":"Transform","_render":true}],"nm":"Group 3","np":2,"cix":2,"bm":0,"ix":3,"mn":"ADBE Vector Group","hd":false,"_render":true},{"ty":"gr","it":[{"ind":0,"ty":"sh","ix":1,"ks":{"a":0,"k":{"i":[[-19.677999999999997,18.997999999999998],[-37.491,20.087],[-47.309000000000005,12.413],[-39.016,-1.625],[-14.444,-10.748],[19.417,-19.969],[48.074999999999996,-18.194],[7.9270000000000005,13.047],[-5.453,16.195]],"o":[[-32.83,20.173],[-44.558,17.618000000000002],[-44.847,2.056],[-21.808999999999997,-7.831],[7.341999999999999,-16.84],[38.400999999999996,-19.978],[42.988,6.298],[-5.382000000000001,16.18],[-12.556000000000001,17.741999999999997]],"v":[[-26.851,19.639],[-39.867,19.257],[-46.139,7.491],[-34.074,-3.407],[-4.105,-13.639],[31.38,-19.975],[46.162,-8.985],[-5.312,16.164],[-5.524,16.211]],"c":true},"ix":2},"nm":"Path 1","mn":"ADBE Vector Shape - Group","hd":false,"_render":true},{"ty":"fl","c":{"a":0,"k":[1,0.734,0.16,1],"ix":4},"o":{"a":0,"k":100,"ix":5},"r":1,"bm":0,"nm":"Fill 1","mn":"ADBE Vector Graphic - Fill","hd":false,"_render":true},{"ty":"tr","p":{"a":0,"k":[2848.887,821.202],"ix":2},"a":{"a":0,"k":[0,0],"ix":1},"s":{"a":0,"k":[100,100],"ix":3},"r":{"a":0,"k":0,"ix":6},"o":{"a":0,"k":100,"ix":7},"sk":{"a":0,"k":0,"ix":4},"sa":{"a":0,"k":0,"ix":5},"nm":"Transform","_render":true}],"nm":"Group 4","np":2,"cix":2,"bm":0,"ix":4,"mn":"ADBE Vector Group","hd":false,"_render":true},{"ty":"gr","it":[{"ind":0,"ty":"sh","ix":1,"ks":{"a":0,"k":{"i":[[-12.982,23.778],[-29.674999999999997,30.088],[-41.324,25.661],[-37.553999999999995,9.799],[-16.782,-6.186],[12.835999999999999,-25.012],[40.736000000000004,-31.794999999999998],[11.627,9.925],[-0.22199999999999998,16.892]],"o":[[-25.197,28.791],[-37.156,29.82],[-42.036,15.039],[-22.953999999999997,-1.2199999999999998],[2.2269999999999994,-18.45],[30.966,-30.637],[43.122,-6.893999999999998],[-0.16,16.856],[-6.549,20.47]],"v":[[-19.644,26.512],[-32.19,29.998],[-41.662,20.613],[-33.361,6.634],[-7.761,-12.006],[24.261,-28.557],[41.633,-22.432],[-0.097,16.82],[-0.285,16.928]],"c":true},"ix":2},"nm":"Path 1","mn":"ADBE Vector Shape - Group","hd":false,"_render":true},{"ty":"fl","c":{"a":0,"k":[1,0.734,0.16,1],"ix":4},"o":{"a":0,"k":100,"ix":5},"r":1,"bm":0,"nm":"Fill 1","mn":"ADBE Vector Graphic - Fill","hd":false,"_render":true},{"ty":"tr","p":{"a":0,"k":[2480.642,971.468],"ix":2},"a":{"a":0,"k":[0,0],"ix":1},"s":{"a":0,"k":[100,100],"ix":3},"r":{"a":0,"k":0,"ix":6},"o":{"a":0,"k":100,"ix":7},"sk":{"a":0,"k":0,"ix":4},"sa":{"a":0,"k":0,"ix":5},"nm":"Transform","_render":true}],"nm":"Group 5","np":2,"cix":2,"bm":0,"ix":5,"mn":"ADBE Vector Group","hd":false,"_render":true},{"ty":"gr","it":[{"ind":0,"ty":"sh","ix":1,"ks":{"a":0,"k":{"i":[[5.135,27.071],[-3.7809999999999997,42.531],[-15.597,46.488],[-22.733,31.827],[-16.791999999999998,6.298],[-5.808,-27.032000000000004],[11.479000000000003,-49.958999999999996],[15.395,0.7609999999999992],[10.643,13.659]],"o":[[-1.138,38.69],[-9.739,47.064],[-22.879,38.721999999999994],[-18.42,14.051000000000002],[-9.857,-15.234],[4.654,-42.872],[29.104,-32.207],[10.668000000000001,13.591],[8.016000000000002,20.437]],"v":[[1.714,33.408],[-5.784,44.055],[-19.058,42.797],[-21.494,26.722],[-13.501,-3.92],[0.785,-37.014],[18.106,-43.284],[10.694,13.524],[10.617,13.727]],"c":true},"ix":2},"nm":"Path 1","mn":"ADBE Vector Shape - Group","hd":false,"_render":true},{"ty":"fl","c":{"a":0,"k":[1,0.734,0.16,1],"ix":4},"o":{"a":0,"k":100,"ix":5},"r":1,"bm":0,"nm":"Fill 1","mn":"ADBE Vector Graphic - Fill","hd":false,"_render":true},{"ty":"tr","p":{"a":0,"k":[2590.676,1055.297],"ix":2},"a":{"a":0,"k":[0,0],"ix":1},"s":{"a":0,"k":[100,100],"ix":3},"r":{"a":0,"k":0,"ix":6},"o":{"a":0,"k":100,"ix":7},"sk":{"a":0,"k":0,"ix":4},"sa":{"a":0,"k":0,"ix":5},"nm":"Transform","_render":true}],"nm":"Group 6","np":2,"cix":2,"bm":0,"ix":6,"mn":"ADBE Vector Group","hd":false,"_render":true},{"ty":"gr","it":[{"ind":0,"ty":"sh","ix":1,"ks":{"a":0,"k":{"i":[[27.456000000000003,-0.4139999999999997],[41.087,11.105],[42.883,23.436],[27.188000000000002,27.855],[3.1209999999999996,17.474],[-27.729999999999997,0.7459999999999996],[-47.222,-20.338],[3.388,-15.184000000000001],[15.236,-8.217]],"o":[[37.776,7.822000000000001],[44.49,17.773],[33.947,29.222],[10.461,20.453],[-16.838,6.826],[-41.46,-12.363],[-26.622,-34.53],[15.174999999999999,-8.254],[21.439,-4.4270000000000005]],"v":[[33.085,4.078],[42.231,13.347],[38.636,26.186],[22.384,25.729],[-6.351,12.421],[-36.382,-7.515],[-39.476,-25.674],[15.113,-8.291],[15.298,-8.179]],"c":true},"ix":2},"nm":"Path 1","mn":"ADBE Vector Shape - Group","hd":false,"_render":true},{"ty":"fl","c":{"a":0,"k":[1,0.734,0.16,1],"ix":4},"o":{"a":0,"k":100,"ix":5},"r":1,"bm":0,"nm":"Fill 1","mn":"ADBE Vector Graphic - Fill","hd":false,"_render":true},{"ty":"tr","p":{"a":0,"k":[2829.02,957.978],"ix":2},"a":{"a":0,"k":[0,0],"ix":1},"s":{"a":0,"k":[100,100],"ix":3},"r":{"a":0,"k":0,"ix":6},"o":{"a":0,"k":100,"ix":7},"sk":{"a":0,"k":0,"ix":4},"sa":{"a":0,"k":0,"ix":5},"nm":"Transform","_render":true}],"nm":"Group 7","np":2,"cix":2,"bm":0,"ix":7,"mn":"ADBE Vector Group","hd":false,"_render":true},{"ty":"gr","it":[{"ind":0,"ty":"sh","ix":1,"ks":{"a":0,"k":{"i":[[22.275,15.489999999999998],[26.793,32.754000000000005],[21.166,43.873],[5.788,38.455],[-7.922999999999999,16.116],[-23.526,-15.318000000000001],[-27.335,-43.778000000000006],[11.09,-10.439],[16.77,2.0759999999999996]],"o":[[25.974999999999998,28.165],[25.739,40.166000000000004],[10.527999999999999,43.462999999999994],[-3.633,22.775999999999996],[-18.118,-4.078],[-27.212,-33.94],[-2.321999999999999,-43.531],[16.741,2.011],[19.663,8.745000000000001]],"v":[[24.293,22.403],[26.439,35.246],[16.11,43.678],[3.082,33.952],[-12.761,6.533],[-25.849,-27.053],[-17.93,-43.685],[16.712,1.945],[16.799,2.143]],"c":true},"ix":2},"nm":"Path 1","mn":"ADBE Vector Shape - Group","hd":false,"_render":true},{"ty":"fl","c":{"a":0,"k":[1,0.734,0.16,1],"ix":4},"o":{"a":0,"k":100,"ix":5},"r":1,"bm":0,"nm":"Fill 1","mn":"ADBE Vector Graphic - Fill","hd":false,"_render":true},{"ty":"tr","p":{"a":0,"k":[2732.124,1044.795],"ix":2},"a":{"a":0,"k":[0,0],"ix":1},"s":{"a":0,"k":[100,100],"ix":3},"r":{"a":0,"k":0,"ix":6},"o":{"a":0,"k":100,"ix":7},"sk":{"a":0,"k":0,"ix":4},"sa":{"a":0,"k":0,"ix":5},"nm":"Transform","_render":true}],"nm":"Group 8","np":2,"cix":2,"bm":0,"ix":8,"mn":"ADBE Vector Group","hd":false,"_render":true},{"ty":"gr","it":[{"ind":0,"ty":"sh","ix":1,"ks":{"a":0,"k":{"i":[[12.822000000000001,24.180999999999997],[9.132,41.643],[-0.8790000000000004,49.063],[-12.203,37.333],[-14.459,11.219],[-14.335,-23.873999999999995],[-4.997,-51.027],[14.432,-4.010999999999999],[13.907,9.722999999999999]],"o":[[10.455,37.171],[4.869999999999999,47.797000000000004],[-10.207,43.933],[-13.606,19.095],[-14.533,-11.402],[-9.292,-42.175],[17.258,-39.605],[13.91,9.652],[13.507,16.980999999999998]],"v":[[11.531,31.266],[7.699,43.712],[-5.312,46.625],[-12.606,32.095],[-14.494,0.484],[-11.157,-35.407],[3.371,-46.732],[13.914,9.58],[13.903,9.796]],"c":true},"ix":2},"nm":"Path 1","mn":"ADBE Vector Shape - Group","hd":false,"_render":true},{"ty":"fl","c":{"a":0,"k":[1,0.734,0.16,1],"ix":4},"o":{"a":0,"k":100,"ix":5},"r":1,"bm":0,"nm":"Fill 1","mn":"ADBE Vector Graphic - Fill","hd":false,"_render":true},{"ty":"tr","p":{"a":0,"k":[2648.106,661.405],"ix":2},"a":{"a":0,"k":[0,0],"ix":1},"s":{"a":0,"k":[100,100],"ix":3},"r":{"a":0,"k":0,"ix":6},"o":{"a":0,"k":100,"ix":7},"sk":{"a":0,"k":0,"ix":4},"sa":{"a":0,"k":0,"ix":5},"nm":"Transform","_render":true}],"nm":"Group 9","np":2,"cix":2,"bm":0,"ix":9,"mn":"ADBE Vector Group","hd":false,"_render":true}],"ip":0,"op":70,"st":0,"bm":0,"completed":true},{"ddd":0,"ind":3,"ty":4,"nm":"Layer 5","sr":1,"ks":{"o":{"a":0,"k":100,"ix":11},"r":{"a":0,"k":0,"ix":10},"p":{"a":0,"k":[525.5,475.5,0],"ix":2},"a":{"a":0,"k":[2654.62,865.498,0],"ix":1},"s":{"a":0,"k":[173.064,177.025,100],"ix":6}},"ao":0,"shapes":[{"ty":"gr","it":[{"d":1,"ty":"el","s":{"a":0,"k":[9.206,22.772],"ix":2},"p":{"a":0,"k":[0,0],"ix":3},"nm":"Ellipse Path 1","mn":"ADBE Vector Shape - Ellipse","hd":false,"_render":true},{"ty":"fl","c":{"a":0,"k":[1,0.9747,0.92,1],"ix":4},"o":{"a":0,"k":100,"ix":5},"r":1,"bm":0,"nm":"Fill 1","mn":"ADBE Vector Graphic - Fill","hd":false,"_render":true},{"ty":"tr","p":{"a":0,"k":[2556.292,834.865],"ix":2},"a":{"a":0,"k":[0,0],"ix":1},"s":{"a":0,"k":[100,100],"ix":3},"r":{"a":0,"k":0,"ix":6},"o":{"a":0,"k":100,"ix":7},"sk":{"a":0,"k":0,"ix":4},"sa":{"a":0,"k":0,"ix":5},"nm":"Transform","_render":true}],"nm":"Group 1","np":2,"cix":2,"bm":0,"ix":1,"mn":"ADBE Vector Group","hd":false,"_render":true},{"ty":"gr","it":[{"ind":0,"ty":"sh","ix":1,"ks":{"a":0,"k":{"i":[[-20.708,11.800999999999998],[11.950000000000001,7.677999999999999]],"o":[[-22.162,19.069],[28.653000000000002,-32.378]],"v":[[-22.162,19.069],[21.443,-15.088]],"c":true},"ix":2},"nm":"Path 1","mn":"ADBE Vector Shape - Group","hd":false,"_render":true},{"ty":"fl","c":{"a":0,"k":[1,0.9747,0.92,1],"ix":4},"o":{"a":0,"k":100,"ix":5},"r":1,"bm":0,"nm":"Fill 1","mn":"ADBE Vector Graphic - Fill","hd":false,"_render":true},{"ty":"tr","p":{"a":0,"k":[2583.057,792.297],"ix":2},"a":{"a":0,"k":[0,0],"ix":1},"s":{"a":0,"k":[100,100],"ix":3},"r":{"a":0,"k":0,"ix":6},"o":{"a":0,"k":100,"ix":7},"sk":{"a":0,"k":0,"ix":4},"sa":{"a":0,"k":0,"ix":5},"nm":"Transform","_render":true}],"nm":"Group 2","np":2,"cix":2,"bm":0,"ix":2,"mn":"ADBE Vector Group","hd":false,"_render":true},{"ty":"gr","it":[{"ind":0,"ty":"sh","ix":1,"ks":{"a":0,"k":{"i":[[124.929,17.404000000000003],[-28.797999999999995,129.505],[-124.929,-17.404000000000003],[28.797999999999995,-129.505]],"o":[[42.157000000000004,118.882],[-121.076,54.236999999999995],[-42.157000000000004,-118.882],[121.076,-54.236999999999995]],"v":[[83.543,68.143],[-74.937,91.871],[-83.543,-68.143],[74.937,-91.871]],"c":true},"ix":2},"nm":"Path 1","mn":"ADBE Vector Shape - Group","hd":false,"_render":true},{"ty":"fl","c":{"a":0,"k":[0.9325,0.6903,0.1675,1],"ix":4},"o":{"a":0,"k":100,"ix":5},"r":1,"bm":0,"nm":"Fill 1","mn":"ADBE Vector Graphic - Fill","hd":false,"_render":true},{"ty":"tr","p":{"a":0,"k":[2646.203,857.887],"ix":2},"a":{"a":0,"k":[0,0],"ix":1},"s":{"a":0,"k":[100,100],"ix":3},"r":{"a":0,"k":0,"ix":6},"o":{"a":0,"k":100,"ix":7},"sk":{"a":0,"k":0,"ix":4},"sa":{"a":0,"k":0,"ix":5},"nm":"Transform","_render":true}],"nm":"Group 3","np":2,"cix":2,"bm":0,"ix":3,"mn":"ADBE Vector Group","hd":false,"_render":true},{"ty":"gr","it":[{"ind":0,"ty":"sh","ix":1,"ks":{"a":0,"k":{"i":[[134.011,-9.857],[6.651000000000003,136.31199999999998],[-134.011,9.857],[-6.651000000000003,-136.31199999999998]],"o":[[76.997,110.125],[-109.88499999999999,80.93599999999999],[-76.997,-110.125],[109.88499999999999,-80.93599999999999]],"v":[[105.504,50.134],[-51.617,108.624],[-105.504,-50.134],[51.617,-108.624]],"c":true},"ix":2},"nm":"Path 1","mn":"ADBE Vector Shape - Group","hd":false,"_render":true},{"ty":"fl","c":{"a":0,"k":[0.5922,0.4196,0.0431,1],"ix":4},"o":{"a":0,"k":100,"ix":5},"r":1,"bm":0,"nm":"Fill 1","mn":"ADBE Vector Graphic - Fill","hd":false,"_render":true},{"ty":"tr","p":{"a":0,"k":[2657.786,867.836],"ix":2},"a":{"a":0,"k":[0,0],"ix":1},"s":{"a":0,"k":[100,100],"ix":3},"r":{"a":0,"k":0,"ix":6},"o":{"a":0,"k":100,"ix":7},"sk":{"a":0,"k":0,"ix":4},"sa":{"a":0,"k":0,"ix":5},"nm":"Transform","_render":true}],"nm":"Group 4","np":2,"cix":2,"bm":0,"ix":4,"mn":"ADBE Vector Group","hd":false,"_render":true}],"ip":0,"op":70,"st":0,"bm":0,"completed":true}],"markers":[{"tm":76,"cm":"1","dr":0}],"__complete":true}