{"v":"5.0.1","fr":10,"ip":0,"op":60,"w":137,"h":459,"ddd":0,"assets":[],"layers":[{"ind":14,"nm":"Layer-14","ks":{"p":{"a":0,"k":[126.155,45.35]},"a":{"a":0,"k":[126.155,45.35,0]},"s":{"a":0,"k":[100,100,100]},"r":{"a":0,"k":0},"o":{"a":0,"k":100}},"ao":0,"ip":0,"op":60,"st":0,"bm":0,"sr":1,"ty":4,"shapes":[{"ty":"gr","it":[{"ty":"gr","it":[{"ty":"gr","it":[{"ty":"sh","d":1,"ks":{"a":0,"k":{"i":[[0,0],[0,0.702],[0.698,0],[0,-0.702],[-0.698,0],[0,0],[0,0]],"o":[[0.698,0],[0,-0.701],[-0.698,0],[0,0.702],[0,0],[0,0],[0,0]],"v":[[126.155,46.621],[127.419,45.35],[126.155,44.08],[124.891,45.35],[126.155,46.621],[126.155,46.621],[126.155,46.621]],"c":true},"hd":false}},{"ty":"fl","c":{"a":0,"k":[1,1,1,1]},"hd":false,"o":{"a":0,"k":100},"r":1},{"ty":"tr","p":{"a":0,"k":[0,0]},"a":{"a":0,"k":[0,0]},"s":{"a":0,"k":[100,100]},"r":{"a":0,"k":0},"o":{"a":0,"k":100},"sk":{"a":0,"k":0},"sa":{"a":0,"k":0}}],"nm":"Object","hd":false},{"ty":"tr","p":{"a":0,"k":[0,0]},"a":{"a":0,"k":[0,0]},"s":{"a":0,"k":[100,100]},"r":{"a":0,"k":0},"o":{"a":0,"k":100},"sk":{"a":0,"k":0},"sa":{"a":0,"k":0}}],"nm":"Object","ln":"Object","hd":false},{"ty":"tr","p":{"a":0,"k":[0,0]},"a":{"a":0,"k":[0,0]},"s":{"a":0,"k":[100,100]},"r":{"a":0,"k":0},"o":{"a":0,"k":100},"sk":{"a":0,"k":0},"sa":{"a":0,"k":0}}],"nm":"Object","ln":"Object","hd":false}],"ln":"Layer-14"},{"ind":13,"nm":"Layer-13","ks":{"p":{"a":0,"k":[124.042,67.277]},"a":{"a":0,"k":[124.042,67.277,0]},"s":{"a":0,"k":[100,100,100]},"r":{"a":0,"k":0},"o":{"a":0,"k":100}},"ao":0,"ip":0,"op":60,"st":0,"bm":0,"sr":1,"ty":4,"shapes":[{"ty":"gr","it":[{"ty":"gr","it":[{"ty":"gr","it":[{"ty":"sh","d":1,"ks":{"a":0,"k":{"i":[[0,0],[0,0.702],[0.698,0],[0,-0.702],[-0.698,0],[0,0],[0,0]],"o":[[0.698,0],[0,-0.702],[-0.698,0],[0,0.702],[0,0],[0,0],[0,0]],"v":[[124.042,68.547],[125.306,67.277],[124.042,66.007],[122.778,67.277],[124.042,68.547],[124.042,68.547],[124.042,68.547]],"c":true},"hd":false}},{"ty":"fl","c":{"a":0,"k":[1,1,1,1]},"hd":false,"o":{"a":0,"k":100},"r":1},{"ty":"tr","p":{"a":0,"k":[0,0]},"a":{"a":0,"k":[0,0]},"s":{"a":0,"k":[100,100]},"r":{"a":0,"k":0},"o":{"a":0,"k":100},"sk":{"a":0,"k":0},"sa":{"a":0,"k":0}}],"nm":"Object","hd":false},{"ty":"tr","p":{"a":0,"k":[0,0]},"a":{"a":0,"k":[0,0]},"s":{"a":0,"k":[100,100]},"r":{"a":0,"k":0},"o":{"a":0,"k":100},"sk":{"a":0,"k":0},"sa":{"a":0,"k":0}}],"nm":"Object","ln":"Object","hd":false},{"ty":"tr","p":{"a":0,"k":[0,0]},"a":{"a":0,"k":[0,0]},"s":{"a":0,"k":[100,100]},"r":{"a":0,"k":0},"o":{"a":0,"k":100},"sk":{"a":0,"k":0},"sa":{"a":0,"k":0}}],"nm":"Object","ln":"Object","hd":false}],"ln":"Layer-13"},{"ind":12,"nm":"Layer-12","ks":{"p":{"a":0,"k":[123.666,36.372]},"a":{"a":0,"k":[123.666,36.372,0]},"s":{"a":0,"k":[100,100,100]},"r":{"a":0,"k":0},"o":{"a":0,"k":100}},"ao":0,"ip":0,"op":60,"st":0,"bm":0,"sr":1,"ty":4,"shapes":[{"ty":"gr","it":[{"ty":"gr","it":[{"ty":"gr","it":[{"ty":"sh","d":1,"ks":{"a":0,"k":{"i":[[0,0],[0,0],[-9.922,0.829],[0.185,3.507],[0,0],[2.847,0.432],[2.241,11.834],[0,0],[0,0]],"o":[[0,0],[0,0],[0,0],[0,0],[0,0],[0,0.002],[0,0],[0,0],[0,0]],"v":[[116.145,21.632],[116.145,46.623],[128.696,51.022],[131.176,47.606],[131.186,43.082],[128.329,40.281],[116.145,21.632],[116.145,21.632],[116.145,21.632]],"c":true},"hd":false}},{"ty":"st","c":{"a":0,"k":[0.471,0.569,0.976,1]},"o":{"a":0,"k":100},"w":{"a":0,"k":5},"lc":1,"lj":1,"ml":10},{"ty":"tr","p":{"a":0,"k":[0,0]},"a":{"a":0,"k":[0,0]},"s":{"a":0,"k":[100,100]},"r":{"a":0,"k":0},"o":{"a":0,"k":100},"sk":{"a":0,"k":0},"sa":{"a":0,"k":0}}],"nm":"Object","hd":false},{"ty":"tr","p":{"a":0,"k":[0,0]},"a":{"a":0,"k":[0,0]},"s":{"a":0,"k":[100,100]},"r":{"a":0,"k":0},"o":{"a":0,"k":100},"sk":{"a":0,"k":0},"sa":{"a":0,"k":0}}],"nm":"Object","ln":"Object","hd":false},{"ty":"tr","p":{"a":0,"k":[0,0]},"a":{"a":0,"k":[0,0]},"s":{"a":0,"k":[100,100]},"r":{"a":0,"k":0},"o":{"a":0,"k":100},"sk":{"a":0,"k":0},"sa":{"a":0,"k":0}}],"nm":"Object","ln":"Object","hd":false}],"ln":"Layer-12"},{"ind":11,"nm":"Layer-11","ks":{"p":{"a":0,"k":[8.936,49.426]},"a":{"a":0,"k":[8.936,49.426,0]},"s":{"a":0,"k":[100,100,100]},"r":{"a":0,"k":0},"o":{"a":0,"k":100}},"ao":0,"ip":0,"op":60,"st":0,"bm":0,"sr":1,"ty":4,"shapes":[{"ty":"gr","it":[{"ty":"gr","it":[{"ty":"gr","it":[{"ty":"sh","d":1,"ks":{"a":0,"k":{"i":[[0,0],[0.295,-9.503],[-1.065,-1.179],[-2.43,-0.535],[0,0],[0,0],[0,0],[0,0],[0,0],[-0.441,1.745],[0,0],[0,0],[0,0]],"o":[[-10.967,0.157],[-0.901,1.49],[0.377,1.608],[0,0],[0,0],[0,0],[0,0],[0,0],[0,0],[3.749,-14.815],[0,0],[0,0],[0,0]],"v":[[12.125,27.772],[3.326,35.573],[3.35,46.512],[4.682,55.306],[4.682,61.73],[8.76,61.73],[8.76,71.131],[11.399,71.131],[11.437,53.124],[13.98,51.128],[12.125,27.772],[12.125,27.772],[12.125,27.772]],"c":true},"hd":false}},{"ty":"st","c":{"a":0,"k":[0.471,0.569,0.976,1]},"o":{"a":0,"k":100},"w":{"a":0,"k":5},"lc":1,"lj":1,"ml":10},{"ty":"tr","p":{"a":0,"k":[0,0]},"a":{"a":0,"k":[0,0]},"s":{"a":0,"k":[100,100]},"r":{"a":0,"k":0},"o":{"a":0,"k":100},"sk":{"a":0,"k":0},"sa":{"a":0,"k":0}}],"nm":"Object","hd":false},{"ty":"tr","p":{"a":0,"k":[0,0]},"a":{"a":0,"k":[0,0]},"s":{"a":0,"k":[100,100]},"r":{"a":0,"k":0},"o":{"a":0,"k":100},"sk":{"a":0,"k":0},"sa":{"a":0,"k":0}}],"nm":"Object","ln":"Object","hd":false},{"ty":"tr","p":{"a":0,"k":[0,0]},"a":{"a":0,"k":[0,0]},"s":{"a":0,"k":[100,100]},"r":{"a":0,"k":0},"o":{"a":0,"k":100},"sk":{"a":0,"k":0},"sa":{"a":0,"k":0}}],"nm":"Object","ln":"Object","hd":false}],"ln":"Layer-11"},{"ind":10,"nm":"Layer-10","ks":{"p":{"a":0,"k":[65.623,40.642]},"a":{"a":0,"k":[65.623,40.642,0]},"s":{"a":0,"k":[100,100,100]},"r":{"a":0,"k":0},"o":{"a":0,"k":100}},"ao":0,"ip":0,"op":60,"st":0,"bm":0,"sr":1,"ty":4,"shapes":[{"ty":"gr","it":[{"ty":"gr","it":[{"ty":"gr","it":[{"ty":"sh","d":1,"ks":{"a":0,"k":{"i":[[0,0],[0,0],[0,0],[0,0],[0,0],[0,0],[0,0]],"o":[[0,0],[0,0],[0,0],[0,0],[0,0],[0,0],[0,0]],"v":[[116.075,39.642],[15.172,39.642],[15.172,41.642],[116.075,41.642],[116.075,39.642],[116.075,39.642],[116.075,39.642]],"c":true},"hd":false}},{"ty":"fl","c":{"a":0,"k":[0.471,0.569,0.976,1]},"hd":false,"o":{"a":0,"k":100},"r":1},{"ty":"tr","p":{"a":0,"k":[0,0]},"a":{"a":0,"k":[0,0]},"s":{"a":0,"k":[100,100]},"r":{"a":0,"k":0},"o":{"a":0,"k":100},"sk":{"a":0,"k":0},"sa":{"a":0,"k":0}}],"nm":"Object","hd":false},{"ty":"tr","p":{"a":0,"k":[0,0]},"a":{"a":0,"k":[0,0]},"s":{"a":0,"k":[100,100]},"r":{"a":0,"k":0},"o":{"a":0,"k":100},"sk":{"a":0,"k":0},"sa":{"a":0,"k":0}}],"nm":"Object","ln":"Object","hd":false},{"ty":"tr","p":{"a":0,"k":[0,0]},"a":{"a":0,"k":[0,0]},"s":{"a":0,"k":[100,100]},"r":{"a":0,"k":0},"o":{"a":0,"k":100},"sk":{"a":0,"k":0},"sa":{"a":0,"k":0}}],"nm":"Object","ln":"Object","hd":false}],"ln":"Layer-10"},{"ind":9,"nm":"Layer-9","ks":{"p":{"a":0,"k":[123.314,67.276]},"a":{"a":0,"k":[123.314,67.276,0]},"s":{"a":0,"k":[100,100,100]},"r":{"a":0,"k":0},"o":{"a":0,"k":100}},"ao":0,"ip":0,"op":60,"st":0,"bm":0,"sr":1,"ty":4,"shapes":[{"ty":"gr","it":[{"ty":"gr","it":[{"ty":"gr","it":[{"ty":"sh","d":1,"ks":{"a":0,"k":{"i":[[0,0],[0,0],[-0.592,-4.913],[0.108,-1.008],[0,0],[0,0],[0,0],[0,0],[0,0],[0,0]],"o":[[0,0],[0,0],[0.113,0.94],[-0.496,4.64],[0,0],[0,0],[0,0],[0,0],[0,0],[0,0]],"v":[[116.409,60.568],[124.86,60.568],[130.137,65.635],[130.137,69.425],[124.86,73.983],[116.409,73.983],[116.409,60.568],[116.409,60.568],[116.409,60.568],[116.409,60.568]],"c":true},"hd":false}},{"ty":"st","c":{"a":0,"k":[0.471,0.569,0.976,1]},"o":{"a":0,"k":100},"w":{"a":0,"k":5},"lc":1,"lj":1,"ml":10},{"ty":"tr","p":{"a":0,"k":[0,0]},"a":{"a":0,"k":[0,0]},"s":{"a":0,"k":[100,100]},"r":{"a":0,"k":0},"o":{"a":0,"k":100},"sk":{"a":0,"k":0},"sa":{"a":0,"k":0}}],"nm":"Object","hd":false},{"ty":"tr","p":{"a":0,"k":[0,0]},"a":{"a":0,"k":[0,0]},"s":{"a":0,"k":[100,100]},"r":{"a":0,"k":0},"o":{"a":0,"k":100},"sk":{"a":0,"k":0},"sa":{"a":0,"k":0}}],"nm":"Object","ln":"Object","hd":false},{"ty":"tr","p":{"a":0,"k":[0,0]},"a":{"a":0,"k":[0,0]},"s":{"a":0,"k":[100,100]},"r":{"a":0,"k":0},"o":{"a":0,"k":100},"sk":{"a":0,"k":0},"sa":{"a":0,"k":0}}],"nm":"Object","ln":"Object","hd":false}],"ln":"Layer-9"},{"ind":8,"nm":"Layer-8","ks":{"p":{"a":0,"k":[64.163,74.441]},"a":{"a":0,"k":[64.163,74.441,0]},"s":{"a":0,"k":[100,100,100]},"r":{"a":0,"k":0},"o":{"a":0,"k":100}},"ao":0,"ip":0,"op":60,"st":0,"bm":0,"sr":1,"ty":4,"shapes":[{"ty":"gr","it":[{"ty":"gr","it":[{"ty":"gr","it":[{"ty":"sh","d":1,"ks":{"a":0,"k":{"i":[[0,0],[0,0],[0,0],[0,0],[0,0],[0,0],[0,0]],"o":[[0,0],[0,0],[0,0],[0,0],[0,0],[0,0],[0,0]],"v":[[116.654,74.164],[11.672,74.164],[11.672,74.718],[116.654,74.718],[116.654,74.164],[116.654,74.164],[116.654,74.164]],"c":true},"hd":false}},{"ty":"fl","c":{"a":0,"k":[0.471,0.569,0.976,1]},"hd":false,"o":{"a":0,"k":100},"r":1},{"ty":"tr","p":{"a":0,"k":[0,0]},"a":{"a":0,"k":[0,0]},"s":{"a":0,"k":[100,100]},"r":{"a":0,"k":0},"o":{"a":0,"k":100},"sk":{"a":0,"k":0},"sa":{"a":0,"k":0}}],"nm":"Object","hd":false},{"ty":"tr","p":{"a":0,"k":[0,0]},"a":{"a":0,"k":[0,0]},"s":{"a":0,"k":[100,100]},"r":{"a":0,"k":0},"o":{"a":0,"k":100},"sk":{"a":0,"k":0},"sa":{"a":0,"k":0}}],"nm":"Object","ln":"Object","hd":false},{"ty":"tr","p":{"a":0,"k":[0,0]},"a":{"a":0,"k":[0,0]},"s":{"a":0,"k":[100,100]},"r":{"a":0,"k":0},"o":{"a":0,"k":100},"sk":{"a":0,"k":0},"sa":{"a":0,"k":0}}],"nm":"Object","ln":"Object","hd":false}],"ln":"Layer-8"},{"ind":7,"nm":"Layer-7","ks":{"p":{"a":0,"k":[64.035,416.655]},"a":{"a":0,"k":[64.035,416.655,0]},"s":{"a":0,"k":[100,100,100]},"r":{"a":0,"k":0},"o":{"a":0,"k":100}},"ao":0,"ip":0,"op":60,"st":0,"bm":0,"sr":1,"ty":4,"shapes":[{"ty":"gr","it":[{"ty":"gr","it":[{"ty":"gr","it":[{"ty":"sh","d":1,"ks":{"a":0,"k":{"i":[[0,0],[0,0],[0.24,-8.866],[0,0],[0,0],[0,0],[0,0],[0,0]],"o":[[0,0],[0,9.555],[0,0],[0,0],[0,0],[0,0],[0,0],[0,0]],"v":[[5.651,402.945],[122.5,402.945],[122.5,430],[5.651,430.366],[5.651,411.123],[5.651,402.945],[5.651,402.945],[5.651,402.945]],"c":true},"hd":false}},{"ty":"st","c":{"a":0,"k":[0.471,0.569,0.976,1]},"o":{"a":0,"k":100},"w":{"a":0,"k":4},"lc":1,"lj":1,"ml":10},{"ty":"tr","p":{"a":0,"k":[0,0]},"a":{"a":0,"k":[0,0]},"s":{"a":0,"k":[100,100]},"r":{"a":0,"k":0},"o":{"a":0,"k":100},"sk":{"a":0,"k":0},"sa":{"a":0,"k":0}}],"nm":"Object","hd":false},{"ty":"tr","p":{"a":0,"k":[0,0]},"a":{"a":0,"k":[0,0]},"s":{"a":0,"k":[100,100]},"r":{"a":0,"k":0},"o":{"a":0,"k":100},"sk":{"a":0,"k":0},"sa":{"a":0,"k":0}}],"nm":"Object","ln":"Object","hd":false},{"ty":"tr","p":{"a":0,"k":[0,0]},"a":{"a":0,"k":[0,0]},"s":{"a":0,"k":[100,100]},"r":{"a":0,"k":0},"o":{"a":0,"k":100},"sk":{"a":0,"k":0},"sa":{"a":0,"k":0}}],"nm":"Object","ln":"Object","hd":false}],"ln":"Layer-7"},{"ind":6,"nm":"Layer-6","ks":{"p":{"a":0,"k":[63.759,10.816]},"a":{"a":0,"k":[63.759,10.816,0]},"s":{"a":0,"k":[100,100,100]},"r":{"a":0,"k":0},"o":{"a":0,"k":100}},"ao":0,"ip":0,"op":60,"st":0,"bm":0,"sr":1,"ty":4,"shapes":[{"ty":"gr","it":[{"ty":"gr","it":[{"ty":"gr","it":[{"ty":"sh","d":1,"ks":{"a":0,"k":{"i":[[0,0],[0,0],[-2.204,0],[0,0],[0,0],[0,0],[0,0],[0.182,-1.386],[0,0],[0,0],[-0.355,-0.468],[0,0],[0,0],[0,0],[0,0],[0,0]],"o":[[0,0],[0,0],[0,0],[0,0],[0,0],[0,0],[0,0],[0,0],[0,0],[0,0],[0.554,0.73],[0,0],[0,0],[0,0],[0,0],[0,0]],"v":[[11.403,20.063],[14.956,1.847],[17.528,0],[50.418,5.831],[50.509,4.785],[63.294,6.709],[72.803,7.123],[73.952,8.647],[73.969,10.03],[113.547,17.139],[115.737,17.971],[116.073,21.633],[11.403,21.633],[11.403,20.063],[11.403,20.063],[11.403,20.063]],"c":true},"hd":false}},{"ty":"fl","c":{"a":0,"k":[0.471,0.569,0.976,1]},"hd":false,"o":{"a":0,"k":100},"r":1},{"ty":"tr","p":{"a":0,"k":[0,0]},"a":{"a":0,"k":[0,0]},"s":{"a":0,"k":[100,100]},"r":{"a":0,"k":0},"o":{"a":0,"k":100},"sk":{"a":0,"k":0},"sa":{"a":0,"k":0}}],"nm":"Object","hd":false},{"ty":"tr","p":{"a":0,"k":[0,0]},"a":{"a":0,"k":[0,0]},"s":{"a":0,"k":[100,100]},"r":{"a":0,"k":0},"o":{"a":0,"k":100},"sk":{"a":0,"k":0},"sa":{"a":0,"k":0}}],"nm":"Object","ln":"Object","hd":false},{"ty":"tr","p":{"a":0,"k":[0,0]},"a":{"a":0,"k":[0,0]},"s":{"a":0,"k":[100,100]},"r":{"a":0,"k":0},"o":{"a":0,"k":100},"sk":{"a":0,"k":0},"sa":{"a":0,"k":0}}],"nm":"Object","ln":"Object","hd":false}],"ln":"Layer-6"},{"ind":5,"nm":"Layer-5","ks":{"p":{"a":0,"k":[63.963,48.069]},"a":{"a":0,"k":[63.963,48.069,0]},"s":{"a":0,"k":[100,100,100]},"r":{"a":0,"k":0},"o":{"a":0,"k":100}},"ao":0,"ip":0,"op":60,"st":0,"bm":0,"sr":1,"ty":4,"shapes":[{"ty":"gr","it":[{"ty":"gr","it":[{"ty":"gr","it":[{"ty":"sh","d":1,"ks":{"a":0,"k":{"i":[[0,0],[0,0],[0,0],[0,0],[0,0],[0,0],[0,0]],"o":[[0,0],[0,0],[0,0],[0,0],[0,0],[0,0],[0,0]],"v":[[11.461,53.192],[11.492,71.179],[11.497,74.747],[116.522,74.747],[116.073,21.391],[11.403,21.51],[11.413,27.799]],"c":false},"hd":false}},{"ty":"st","c":{"a":0,"k":[0.471,0.569,0.976,1]},"o":{"a":0,"k":100},"w":{"a":0,"k":5},"lc":1,"lj":1,"ml":10},{"ty":"tr","p":{"a":0,"k":[0,0]},"a":{"a":0,"k":[0,0]},"s":{"a":0,"k":[100,100]},"r":{"a":0,"k":0},"o":{"a":0,"k":100},"sk":{"a":0,"k":0},"sa":{"a":0,"k":0}}],"nm":"Object","hd":false},{"ty":"tr","p":{"a":0,"k":[0,0]},"a":{"a":0,"k":[0,0]},"s":{"a":0,"k":[100,100]},"r":{"a":0,"k":0},"o":{"a":0,"k":100},"sk":{"a":0,"k":0},"sa":{"a":0,"k":0}}],"nm":"Object","ln":"Object","hd":false},{"ty":"tr","p":{"a":0,"k":[0,0]},"a":{"a":0,"k":[0,0]},"s":{"a":0,"k":[100,100]},"r":{"a":0,"k":0},"o":{"a":0,"k":100},"sk":{"a":0,"k":0},"sa":{"a":0,"k":0}}],"nm":"Object","ln":"Object","hd":false}],"ln":"Layer-5"},{"ind":4,"nm":"Layer-4","ks":{"p":{"a":0,"k":[126.516,123.938]},"a":{"a":0,"k":[126.516,123.938,0]},"s":{"a":0,"k":[100,100,100]},"r":{"a":0,"k":0},"o":{"a":0,"k":100}},"ao":0,"ip":0,"op":60,"st":0,"bm":0,"sr":1,"ty":4,"shapes":[{"ty":"gr","it":[{"ty":"gr","it":[{"ty":"gr","it":[{"ty":"sh","d":1,"ks":{"a":0,"k":{"i":[[0,0],[0,0],[-2.634,0.463],[0,0],[2.84,15.24],[0,0],[4.718,8.876],[1.14,23.573],[0,0],[0,0],[0,0]],"o":[[3.584,80.212],[0,0],[3.289,-0.576],[0.058,-39.726],[0,0],[2.984,23.177],[-7.026,-13.215],[0,0],[0,0],[0,0],[0,0]],"v":[[117.03,73.795],[128.192,169.471],[132.694,174.456],[136.002,168.085],[126.618,73.393],[123.545,73.827],[132.205,170.792],[120.496,73.827],[117.03,73.795],[117.03,73.795],[117.03,73.795]],"c":true},"hd":false}},{"ty":"fl","c":{"a":0,"k":[0.471,0.569,0.976,1]},"hd":false,"o":{"a":0,"k":100},"r":1},{"ty":"tr","p":{"a":0,"k":[0,0]},"a":{"a":0,"k":[0,0]},"s":{"a":0,"k":[100,100]},"r":{"a":0,"k":0},"o":{"a":0,"k":100},"sk":{"a":0,"k":0},"sa":{"a":0,"k":0}}],"nm":"Object","hd":false},{"ty":"tr","p":{"a":0,"k":[0,0]},"a":{"a":0,"k":[0,0]},"s":{"a":0,"k":[100,100]},"r":{"a":0,"k":0},"o":{"a":0,"k":100},"sk":{"a":0,"k":0},"sa":{"a":0,"k":0}}],"nm":"Object","ln":"Object","hd":false},{"ty":"tr","p":{"a":0,"k":[0,0]},"a":{"a":0,"k":[0,0]},"s":{"a":0,"k":[100,100]},"r":{"a":0,"k":0},"o":{"a":0,"k":100},"sk":{"a":0,"k":0},"sa":{"a":0,"k":0}}],"nm":"Object","ln":"Object","hd":false}],"ln":"Layer-4"},{"ind":2,"nm":"Layer 2","ks":{"p":{"a":0,"k":[0,0]},"a":{"a":0,"k":[0,0,0]},"s":{"a":0,"k":[100,100,100]},"r":{"a":0,"k":0},"o":{"a":0,"k":100}},"ao":0,"ip":0,"op":60,"st":0,"bm":0,"sr":1,"ty":4,"shapes":[{"ty":"gr","it":[{"ty":"gr","it":[{"ty":"gr","it":[{"ty":"gr","it":[{"ty":"gr","it":[{"ty":"sh","d":1,"ks":{"a":0,"k":{"i":[[0,0],[4.5,-63],[39.335,0],[0.42,146.252],[0,0],[-1.667,0],[0,0]],"o":[[0,131.251],[-40.004,1.881],[0,-125.819],[39.335,0],[0,0],[0,0],[0,0]],"v":[[115.92,0.001],[118.92,382.252],[-2.08,381.252],[0,0],[110.92,0.001],[115.92,0.001],[115.92,0.001]],"c":true},"hd":false}},{"ty":"fl","c":{"a":0,"k":[1,1,1,1]},"hd":false,"o":{"a":0,"k":100},"r":1},{"ty":"tr","p":{"a":0,"k":[0,0]},"a":{"a":0,"k":[0,0]},"s":{"a":0,"k":[100,100]},"r":{"a":0,"k":0},"o":{"a":0,"k":100},"sk":{"a":0,"k":0},"sa":{"a":0,"k":0}}],"nm":"Object","hd":false},{"ty":"tr","p":{"a":0,"k":[0,0]},"a":{"a":0,"k":[0,0]},"s":{"a":0,"k":[100,100]},"r":{"a":0,"k":0},"o":{"a":0,"k":100},"sk":{"a":0,"k":0},"sa":{"a":0,"k":0}}],"nm":"Object","ln":"Object","hd":false},{"ty":"tr","p":{"a":0,"k":[64.083,263.475]},"a":{"a":0,"k":[59.003,188.727]},"s":{"a":0,"k":[100,100]},"r":{"a":0,"k":0},"o":{"a":0,"k":100},"sk":{"a":0,"k":0},"sa":{"a":0,"k":0}}],"nm":"Object","ln":"Object","hd":false},{"ty":"tr","p":{"a":0,"k":[104.194,263.5]},"a":{"a":0,"k":[104.194,263.5]},"s":{"a":0,"k":[100,100]},"r":{"a":0,"k":0},"o":{"a":0,"k":100},"sk":{"a":0,"k":0},"sa":{"a":0,"k":0}}],"nm":"clip0","ln":"clip0","hd":false},{"ty":"tr","p":{"a":0,"k":[0,0]},"a":{"a":0,"k":[0,0]},"s":{"a":0,"k":[100,100]},"r":{"a":0,"k":0},"o":{"a":0,"k":100},"sk":{"a":0,"k":0},"sa":{"a":0,"k":0}}],"nm":"Layer 2","ln":"Layer-2","hd":false}],"td":1},{"ind":2,"nm":"Layer 2","ks":{"p":{"a":0,"k":[0,0]},"a":{"a":0,"k":[0,0,0]},"s":{"a":0,"k":[100,100,100]},"r":{"a":0,"k":0},"o":{"a":0,"k":100}},"ao":0,"ip":0,"op":60,"st":0,"bm":0,"sr":1,"ty":4,"shapes":[{"ty":"gr","it":[{"ty":"gr","it":[{"ty":"gr","it":[{"ty":"gr","it":[{"ty":"gr","it":[{"ty":"sh","d":1,"ks":{"a":0,"k":{"i":[[0,0],[0,0],[0,0],[0,0],[0,0],[0,0],[0.309,21.141],[0,0],[0,0],[0,0],[0,0],[0,0],[0,0]],"o":[[0,0],[0,0],[0,0],[0,22.71],[0,0],[6.676,0.111],[0.367,-18.188],[0,0],[0,0],[0,0],[0,0],[0,0],[0,0]],"v":[[11.497,74.747],[11.526,92.195],[7.5,194.396],[5.08,431.566],[13.852,452.061],[111.417,452.198],[122.778,429.165],[123.082,396.359],[120.5,194.396],[116.519,74.747],[11.497,74.747],[11.497,74.747],[11.497,74.747]],"c":true},"hd":false}},{"ty":"st","c":{"a":0,"k":[0.471,0.569,0.976,1]},"o":{"a":0,"k":100},"w":{"a":0,"k":5},"lc":1,"lj":1,"ml":10},{"ty":"tr","p":{"a":0,"k":[0,0]},"a":{"a":0,"k":[0,0]},"s":{"a":0,"k":[100,100]},"r":{"a":0,"k":0},"o":{"a":0,"k":100},"sk":{"a":0,"k":0},"sa":{"a":0,"k":0}}],"nm":"Object","hd":false},{"ty":"tr","p":{"a":0,"k":[0,0]},"a":{"a":0,"k":[0,0]},"s":{"a":0,"k":[100,100]},"r":{"a":0,"k":0},"o":{"a":0,"k":100},"sk":{"a":0,"k":0},"sa":{"a":0,"k":0}}],"nm":"Object","ln":"Object","hd":false},{"ty":"tr","p":{"a":0,"k":[64.083,263.475]},"a":{"a":0,"k":[64.083,263.475]},"s":{"a":0,"k":[100,100]},"r":{"a":0,"k":0},"o":{"a":0,"k":100},"sk":{"a":0,"k":0},"sa":{"a":0,"k":0}}],"nm":"botal","ln":"botal","hd":false},{"ty":"gr","it":[{"ty":"gr","it":[{"ty":"gr","it":[{"ty":"gr","it":[{"ty":"sh","d":1,"ks":{"a":0,"k":{"i":[[0,0],[0,0],[58,-13.5],[50.25,10.647],[41.456,-9.911],[37.122,9.969],[31.085,-8.17],[35.634,16.341],[29.568,-15.987],[0,0],[41.698,-12.789],[43.974,12.79],[0,0],[0,0],[0,0],[0,0],[0,0]],"o":[[0,0],[0,0],[-57.999,13.5],[-43.594,-9.236],[-37.15,8.882],[-53.071,-14.253],[-32.784,8.618],[-35.634,-16.341],[-29.569,15.988],[-42.078,-10.657],[-41.699,12.789],[-43.973,-12.789],[0,0],[0,0],[0,0],[0,0],[0,0]],"v":[[615.388,450],[615.388,246.792],[483.468,246.792],[351.548,246.792],[241.994,246.792],[152.91,237.912],[56.245,246.792],[-26.773,246.792],[-102.21,249.634],[-170.066,252.476],[-258.391,245.371],[-349.371,246.792],[-406.612,246.792],[-406.612,450],[615.388,450],[615.388,450],[615.388,450]],"c":true},"hd":false}},{"ty":"fl","c":{"a":0,"k":[0.467,0.698,1,1]},"hd":false,"o":{"a":0,"k":100},"r":1},{"ty":"tr","p":{"a":0,"k":[0,0]},"a":{"a":0,"k":[0,0]},"s":{"a":0,"k":[100,100]},"r":{"a":0,"k":0},"o":{"a":0,"k":100},"sk":{"a":0,"k":0},"sa":{"a":0,"k":0}}],"nm":"Object","hd":false},{"ty":"tr","p":{"a":0,"k":[-2.801,-19.634]},"a":{"a":0,"k":[0,0]},"s":{"a":0,"k":[100,100]},"r":{"a":0,"k":0},"o":{"a":0,"k":100},"sk":{"a":0,"k":0},"sa":{"a":0,"k":0}}],"nm":"Object","ln":"Object","hd":false},{"ty":"tr","p":{"a":1,"k":[{"t":0,"s":[400,341],"i":{"x":[1],"y":[1]},"o":{"x":[0.42],"y":[0]},"e":[26.667,341]},{"t":16,"s":[26.667,341],"i":{"x":[0.833],"y":[0.833]},"o":{"x":[0.167],"y":[0.167]},"e":[-300,341]},{"t":30,"s":[-300,341],"i":{"x":[0.58],"y":[1]},"o":{"x":[0],"y":[0]},"e":[400.001,341]},{"t":60,"s":[400.001,341]}]},"a":{"a":0,"k":[104.388,341]},"s":{"a":0,"k":[100,100]},"r":{"a":0,"k":0},"o":{"a":0,"k":70},"sk":{"a":0,"k":0},"sa":{"a":0,"k":0}}],"nm":"wave1","ln":"wave1","hd":false},{"ty":"gr","it":[{"ty":"gr","it":[{"ty":"gr","it":[{"ty":"sh","d":1,"ks":{"a":0,"k":{"i":[[0,0],[0,0],[-49.678,-20.072],[-48.655,16.096],[-41.471,-10.021],[-36.532,11.895],[-31.096,-8.261],[-35.647,16.522],[-29.579,-16.165],[0,0],[-42.474,-8.381],[-43.99,12.931],[0,0],[0,0],[0,0],[0,0],[0,0]],"o":[[0,0],[0,0],[49.678,20.071],[42.473,-14.051],[37.164,8.98],[24.27,-7.902],[32.797,8.713],[35.647,-16.522],[29.58,16.164],[36.784,-17.285],[42.473,8.381],[43.99,-12.931],[0,0],[0,0],[0,0],[0,0],[0,0]],"v":[[-407,452.253],[-407,246.796],[-295.129,239.254],[-194.255,246.796],[-95.278,239.254],[-6.539,239.254],[73.856,232.745],[180.039,239.254],[290.393,246.796],[374.202,239.254],[467.112,245.359],[539.164,239.254],[615.388,239.254],[615.388,452.253],[-407,452.253],[-407,452.253],[-407,452.253]],"c":true},"hd":false}},{"ty":"fl","c":{"a":0,"k":[0.467,0.698,1,1]},"hd":false,"o":{"a":0,"k":100},"r":1},{"ty":"tr","p":{"a":0,"k":[0,0]},"a":{"a":0,"k":[0,0]},"s":{"a":0,"k":[100,100]},"r":{"a":0,"k":0},"o":{"a":0,"k":100},"sk":{"a":0,"k":0},"sa":{"a":0,"k":0}}],"nm":"Object","hd":false},{"ty":"tr","p":{"a":0,"k":[0,-23.088]},"a":{"a":0,"k":[0,0]},"s":{"a":0,"k":[100,100]},"r":{"a":0,"k":0},"o":{"a":0,"k":100},"sk":{"a":0,"k":0},"sa":{"a":0,"k":0}}],"nm":"Object","ln":"Object","hd":false},{"ty":"tr","p":{"a":1,"k":[{"t":0,"s":[-300,340.627],"i":{"x":[1],"y":[1]},"o":{"x":[0.42],"y":[0]},"e":[73.333,342.627]},{"t":16,"s":[73.333,342.627],"i":{"x":[0.833],"y":[0.833]},"o":{"x":[0.167],"y":[0.167]},"e":[400,340.627]},{"t":30,"s":[400,340.627],"i":{"x":[0.58],"y":[1]},"o":{"x":[0],"y":[0]},"e":[-299.996,340.627]},{"t":60,"s":[-299.996,340.627]}]},"a":{"a":0,"k":[104.194,340.627]},"s":{"a":0,"k":[100,100]},"r":{"a":0,"k":0},"o":{"a":0,"k":40},"sk":{"a":0,"k":0},"sa":{"a":0,"k":0}}],"nm":"wave2","ln":"wave2","hd":false},{"ty":"tr","p":{"a":0,"k":[104.194,340.627]},"a":{"a":0,"k":[104.194,340.627]},"s":{"a":0,"k":[100,100]},"r":{"a":0,"k":0},"o":{"a":0,"k":100},"sk":{"a":0,"k":0},"sa":{"a":0,"k":0}}],"nm":"waves","ln":"waves","hd":false},{"ty":"gr","it":[{"ty":"gr","it":[{"ty":"gr","it":[{"ty":"sh","d":1,"ks":{"a":0,"k":{"i":[[0,0],[0,0],[0,0],[5.523,0],[0,0],[0,3.866],[0,0],[0,0],[0,0],[0,0]],"o":[[0,0],[0,0],[0,5.523],[0,0],[-3.866,0],[0,0],[0,0],[0,0],[0,0],[0,0]],"v":[[7,427],[121,427],[121,441],[111,451],[14,451],[7,444],[7,439],[7,427],[7,427],[7,427]],"c":true},"hd":false}},{"ty":"fl","c":{"a":0,"k":[0.545,0.733,0.98,1]},"hd":false,"o":{"a":0,"k":100},"r":1},{"ty":"tr","p":{"a":0,"k":[0,0]},"a":{"a":0,"k":[0,0]},"s":{"a":0,"k":[100,100]},"r":{"a":0,"k":0},"o":{"a":0,"k":100},"sk":{"a":0,"k":0},"sa":{"a":0,"k":0}}],"nm":"Object","hd":false},{"ty":"tr","p":{"a":0,"k":[0,0]},"a":{"a":0,"k":[0,0]},"s":{"a":0,"k":[100,100]},"r":{"a":0,"k":0},"o":{"a":0,"k":100},"sk":{"a":0,"k":0},"sa":{"a":0,"k":0}}],"nm":"Object","ln":"Object","hd":false},{"ty":"tr","p":{"a":0,"k":[64,439]},"a":{"a":0,"k":[64,439]},"s":{"a":0,"k":[100,100]},"r":{"a":0,"k":0},"o":{"a":0,"k":100},"sk":{"a":0,"k":0},"sa":{"a":0,"k":0}}],"nm":"Object","ln":"Object","hd":false},{"ty":"tr","p":{"a":0,"k":[104.194,263.5]},"a":{"a":0,"k":[104.194,263.5]},"s":{"a":0,"k":[100,100]},"r":{"a":0,"k":0},"o":{"a":0,"k":100},"sk":{"a":0,"k":0},"sa":{"a":0,"k":0}}],"nm":"Layer-2","ln":"Layer-2","hd":false},{"ty":"tr","p":{"a":0,"k":[0,0]},"a":{"a":0,"k":[0,0]},"s":{"a":0,"k":[100,100]},"r":{"a":0,"k":0},"o":{"a":0,"k":100},"sk":{"a":0,"k":0},"sa":{"a":0,"k":0}}],"nm":"Layer 2","ln":"Layer-2","hd":false}],"tt":1},{"ind":1,"nm":"Layer-1","ks":{"p":{"a":0,"k":[64.085,454.185]},"a":{"a":0,"k":[64.085,454.185,0]},"s":{"a":0,"k":[100,100,100]},"r":{"a":0,"k":0},"o":{"a":0,"k":100}},"ao":0,"ip":0,"op":60,"st":0,"bm":0,"sr":1,"ty":4,"shapes":[{"ty":"gr","it":[{"ty":"gr","it":[{"ty":"gr","it":[{"ty":"sh","d":1,"ks":{"a":0,"k":{"i":[[0,0],[0,0],[-1.897,0.431],[0,0],[0.062,2.331],[0,0],[0,0],[0,0],[0,0]],"o":[[0,0],[0,0],[0,0],[0,0],[0,0],[0,0],[0,0],[0,0],[0,0]],"v":[[18.026,451.974],[18.026,454.44],[20.109,456.342],[107.936,456.342],[110.141,454.064],[110.143,452.47],[18.026,451.974],[18.026,451.974],[18.026,451.974]],"c":true},"hd":false}},{"ty":"st","c":{"a":0,"k":[0.471,0.569,0.976,1]},"o":{"a":0,"k":100},"w":{"a":0,"k":5},"lc":1,"lj":1,"ml":10},{"ty":"tr","p":{"a":0,"k":[0,0]},"a":{"a":0,"k":[0,0]},"s":{"a":0,"k":[100,100]},"r":{"a":0,"k":0},"o":{"a":0,"k":100},"sk":{"a":0,"k":0},"sa":{"a":0,"k":0}}],"nm":"Object","hd":false},{"ty":"tr","p":{"a":0,"k":[0,0]},"a":{"a":0,"k":[0,0]},"s":{"a":0,"k":[100,100]},"r":{"a":0,"k":0},"o":{"a":0,"k":100},"sk":{"a":0,"k":0},"sa":{"a":0,"k":0}}],"nm":"Object","ln":"Object","hd":false},{"ty":"tr","p":{"a":0,"k":[0,0]},"a":{"a":0,"k":[0,0]},"s":{"a":0,"k":[100,100]},"r":{"a":0,"k":0},"o":{"a":0,"k":100},"sk":{"a":0,"k":0},"sa":{"a":0,"k":0}}],"nm":"Object","ln":"Object","hd":false}],"ln":"Layer-1"}],"markers":[]}